{
  "filename": "1.jpg",
  "pose": {
    "yaw": -42.99,
    "pitch": 27.07,
    "roll": 7.05
  },
  "pose_type": "semi_left",
  "scale": 0.0004,
  "head_center": [
    44.47,
    75.56,
    -66.67
  ],
  "shape_vector": [
    0.00031,
    7e-05,
    0.00029,
    44.47068,
    4e-05,
    0.00041,
    -0.00017,
    75.5567,
    -0.0003,
    0.00015,
    0.00029,
    -66.67165,
    80614.6875,
    113434.5,
    71399.69531,
    -204471.03125,
    74637.375,
    -23647.4375,
    -32106.06836,
    20080.5293,
    -65776.9375,
    1506.07788,
    -21570.59375,
    48433.02344,
    -14860.35742,
    10246.50098,
    -1257.08398,
    5258.80273,
    4238.61182,
    -1869.77307,
    -14894.74512,
    -18413.91992,
    -5209.27051,
    -12800.72559,
    -11493.57715,
    -17027.81836,
    -11531.75293,
    -4945.83789,
    -8112.48682,
    -127.85144,
    -4700.25684,
    -465.08667,
    -3871.10596,
    2319.67871,
    -1185.70386,
    6732.58984,
    -7954.9751,
    -6220.37988,
    850.15338,
    3489.20215,
    2134.57007,
    3026.16919,
    -0.66071,
    -1.1654,
    0.06973,
    -0.49509,
    0.00149,
    -0.12631,
    -0.09222,
    0.15809,
    0.02659,
    0.02294
  ]
}