{
  "filename": "01.09.1999-1.jpg",
  "anomaly_status": "normal",
  "summary": {
    "status": "normal \ud83d\udfe2 \ud83d\udfe2",
    "description": "No significant anomalies detected.",
    "block_weights": {
      "eyes": 6260.1384,
      "nose": 6550.64704,
      "mouth": 15214.03699,
      "symmetry": 28223.69759,
      "skull": 69357.72604
    },
    "pose_correction": {
      "delta_yaw": -3.57,
      "delta_pitch": 10.08,
      "delta_roll": -7.71
    },
    "suppressed_blocks": []
  },
  "pose_type": "frontal",
  "metrics": {
    "face_asymmetry": 4.156153678894043,
    "eye_angle": 119.31224822998047,
    "eye_distance": 18.312782287597656,
    "eye_socket_depth": 14.990843772888184,
    "eye_asymmetry": 0.8892107009887695,
    "face_width": 27.50777244567871,
    "nose_depth": 14.990843772888184,
    "cheek_width": 21.257951736450195,
    "mouth_width": 10.1946,
    "nose_width": 10.719112396240234,
    "brow_height": 39.13840866088867,
    "brow_angle": 82.27953338623047,
    "chin_height": 126.1024398803711,
    "jaw_asymmetry": 0.8757967948913574,
    "forehead_width": 27.50777244567871,
    "fn_inter_pupil_distance": 5.41218,
    "fn_left_eye_openness": 7.02455,
    "fn_right_eye_openness": 7.82831,
    "fn_eye_symmetry_score": 10.98807,
    "fn_left_eye_corner_angle": 0.31805,
    "fn_right_eye_corner_angle": 0.70532,
    "fn_eye_bulge_score": 2.76127,
    "fn_left_eyebrow_height": 12.7708,
    "fn_right_eyebrow_height": 14.34024,
    "fn_eyebrow_symmetry_score": 3.17193,
    "fn_left_eyebrow_slope": 24.68386,
    "fn_right_eyebrow_slope": 29.28613,
    "fn_nose_length": 4.30507,
    "fn_nose_width": 6.43147,
    "fn_nostril_asymmetry_score": 5.39421,
    "fn_nose_angle": 68.85193,
    "fn_nose_tip_alignment": 1.5072,
    "fn_mouth_width": 6.11676,
    "fn_mouth_height": 6.21325,
    "fn_lip_thickness_upper": 2.02569,
    "fn_lip_thickness_lower": 2.09341,
    "fn_mouth_corner_angle": 52.85441,
    "fn_mouth_asymmetry_score": 5.53636,
    "fn_jaw_width": 8.90756,
    "fn_chin_height": 75.66146,
    "fn_face_symmetry_score": 8.6619,
    "fn_golden_ratio_score": 0.52169,
    "MP_eye_distance": 126042.47653,
    "MP_eye_angle": -53.57836,
    "MP_eye_asymmetry": 60960.56093,
    "MP_eye_socket_depth": 50668.41656,
    "MP_face_width": 60325.25915,
    "MP_brow_height": 204337.79145,
    "MP_brow_angle": -67.20922,
    "MP_forehead_width": 60325.25915,
    "MP_nose_width": 53200.45289,
    "MP_nose_depth": 12199.21187,
    "MP_cheek_width": 118062.76514,
    "MP_mouth_width": 243339.55728,
    "MP_chin_height": 459619.50689,
    "MP_jaw_asymmetry": 156413.74922,
    "MP_face_asymmetry": 55244.89467,
    "texture_gabor_energy_mean": 835.5549,
    "texture_contrast_ratio_score": 70.7927,
    "texture_skin_texture_variance": 5011.6088,
    "texture_highlight_skewness": -0.0934,
    "texture_anomaly_flag": false
  },
  "shape_error": 239357.79688,
  "pose": {
    "yaw": -3.57,
    "pitch": 10.08,
    "roll": -7.71
  },
  "block_change_score": null,
  "scale": 0.0005,
  "head_center": [
    59.86,
    70.28,
    -66.67
  ],
  "shape_error_raw": 239357.79688,
  "embedding_vector": [
    0.4620411992073059,
    0.9997342824935913,
    0.010068550705909729,
    -2.45167875289917,
    0.24021834135055542,
    -0.6098695397377014,
    -1.6447023153305054,
    -0.7879265546798706,
    0.8824230432510376,
    1.2863277196884155,
    0.5039317011833191,
    0.34715431928634644,
    -1.6376159191131592,
    -0.9750841856002808,
    -0.09112533181905746,
    -1.121563196182251,
    1.8535165786743164,
    0.9763143062591553,
    -2.323380947113037,
    1.0287491083145142,
    -0.7358001470565796,
    -0.7206294536590576,
    0.2296178638935089,
    1.4042505025863647,
    -0.6396459937095642,
    -0.6036778092384338,
    0.3183005154132843,
    0.29827192425727844,
    -0.1011526882648468,
    0.7764489650726318,
    -0.23448000848293304,
    0.5935736894607544,
    -0.5987112522125244,
    0.49991923570632935,
    0.4059845805168152,
    0.019694946706295013,
    0.558117687702179,
    -0.4183570146560669,
    1.202337384223938,
    -0.7296760678291321,
    -1.2546887397766113,
    2.0520288944244385,
    1.3739289045333862,
    0.6524105668067932,
    0.35485345125198364,
    0.49072831869125366,
    0.8821268081665039,
    -0.15307007730007172,
    0.0432102270424366,
    -0.48174020648002625,
    -0.2658834457397461,
    -0.0038182754069566727,
    0.021171927452087402,
    0.04002497345209122,
    -0.4566348195075989,
    -1.5274767875671387,
    -0.4148479104042053,
    0.6113621592521667,
    -0.47520211338996887,
    1.2886232137680054,
    -0.8646758198738098,
    -1.640920639038086,
    -0.7321244478225708,
    0.8749647736549377,
    -0.3817746639251709,
    0.18582649528980255,
    -1.0801036357879639,
    -0.23770871758460999,
    0.5658482313156128,
    -0.8067737817764282,
    1.8647875785827637,
    -1.5458035469055176,
    -0.7475720643997192,
    -0.10252587497234344,
    -1.6083228588104248,
    0.6430352926254272,
    0.36785054206848145,
    0.19616368412971497,
    -1.1136841773986816,
    -1.1717830896377563,
    -0.25304216146469116,
    -0.1182883158326149,
    -0.2976326048374176,
    -1.4021339416503906,
    -0.4462014436721802,
    0.07702889293432236,
    0.13707152009010315,
    -0.07906311750411987,
    0.49270474910736084,
    -0.3792542517185211,
    -0.5585863590240479,
    -2.0837416648864746,
    -0.6370294094085693,
    0.3305451273918152,
    -1.1111637353897095,
    1.4746955633163452,
    1.2207810878753662,
    0.6204447746276855,
    0.676470160484314,
    -1.7010477781295776,
    0.8555907011032104,
    -0.2810097336769104,
    0.19821473956108093,
    -0.0711832046508789,
    -1.1720216274261475,
    -0.7370449304580688,
    0.06828364729881287,
    -1.8104970455169678,
    0.9873709082603455,
    0.47147950530052185,
    0.13138002157211304,
    -1.5473814010620117,
    -0.5823336839675903,
    0.6951897740364075,
    0.7095600962638855,
    0.6345551609992981,
    -0.9046616554260254,
    -1.2981799840927124,
    -2.2163288593292236,
    0.09257632493972778,
    0.7590285539627075,
    -0.8371962308883667,
    0.6129955053329468,
    -0.9654553532600403,
    -0.7715471386909485,
    0.9961986541748047,
    0.012323513627052307,
    0.19728949666023254,
    -0.2178063988685608,
    0.7366526126861572,
    -2.1560323238372803,
    -0.18383097648620605,
    0.5364972352981567,
    0.6344286203384399,
    -0.037816062569618225,
    -0.7125898003578186,
    -0.09514769166707993,
    0.5814024209976196,
    -0.6764037609100342,
    0.2610545754432678,
    0.33062344789505005,
    -0.15644754469394684,
    0.2517535090446472,
    1.018761396408081,
    0.913722574710846,
    0.49860918521881104,
    -1.3123688697814941,
    -2.7181549072265625,
    0.44857868552207947,
    -0.36887413263320923,
    -0.4783259630203247,
    0.3639630675315857,
    1.0750800371170044,
    -1.1637320518493652,
    -0.9258880615234375,
    0.33404403924942017,
    -0.8459993004798889,
    -0.5936183929443359,
    -0.02857944369316101,
    0.7017710208892822,
    0.9606630206108093,
    0.8823066353797913,
    -1.9005619287490845,
    -1.0003210306167603,
    -0.19859066605567932,
    0.7318886518478394,
    0.6340610980987549,
    -0.037541478872299194,
    -0.5396702289581299,
    -0.1794888973236084,
    -0.014020459726452827,
    -0.8976207375526428,
    0.20388394594192505,
    0.5029237270355225,
    -0.4308285713195801,
    -0.23036380112171173,
    0.5223003625869751,
    -2.003213405609131,
    -0.3698091506958008,
    0.6188958883285522,
    -0.4758923649787903,
    1.3537393808364868,
    -0.543236494064331,
    1.0861074924468994,
    -0.5279169082641602,
    -0.1724071502685547,
    -0.7411172389984131,
    0.41537848114967346,
    -0.41813719272613525,
    -0.5689272880554199,
    0.463483989238739,
    0.6257508397102356,
    -0.0011068955063819885,
    1.1299258470535278,
    -0.370406836271286,
