{
  "filename": "01_01_1998.jpg",
  "anomaly_status": "normal",
  "summary": {
    "status": "normal \ud83d\udfe2 \ud83d\udfe2",
    "description": "No significant anomalies detected.",
    "block_weights": {
      "eyes": 1.98885,
      "nose": 6024.05033,
      "mouth": 0.25144,
      "symmetry": null,
      "skull": 14191.44589
    },
    "pose_correction": {
      "delta_yaw": -13.74,
      "delta_pitch": 21.07,
      "delta_roll": -6.48
    },
    "suppressed_blocks": [
      "mouth"
    ]
  },
  "pose_type": "semi_right",
  "metrics": {
    "semi_right_nose_depth": 15.009283065795898,
    "semi_right_nose_angle": 98.46813201904297,
    "semi_right_skull_width": 8.229744911193848,
    "semi_right_cheek_width": 4.083932876586914,
    "semi_right_jaw_width": 8.229744911193848,
    "semi_right_jaw_angle": -104.58528900146484,
    "semi_right_chin_width": 7.6929755210876465,
    "semi_right_eye_socket_depth": 15.009283065795898,
    "fn_right_eye_openness": 3.97537,
    "fn_right_eye_corner_angle": 0.3681,
    "fn_right_eye_bulge_score": 1.46798,
    "fn_right_eyebrow_height": 7.20879,
    "fn_right_eyebrow_slope": 11.74755,
    "fn_nose_projection_right": 2.15384,
    "fn_nostril_visibility_right": 2.24295,
    "fn_nose_angle_right": 29.54044,
    "fn_mouth_corner_angle_right": 0.29947,
    "fn_right_cheek_offset": 10.842,
    "fn_jaw_angle_right": 53.75602,
    "fn_jaw_curve_right": 0.60733,
    "fn_chin_offset_right": 2.63913,
    "fn_mouth_asymmetry_right": 1.37682,
    "fn_face_contour_visibility_right": 0.60953,
    "MP_right_forehead_width": 15570.16765,
    "MP_right_nose_width": 51594.24808,
    "MP_right_nose_depth": 8501.08352,
    "MP_right_jaw_angle": -28.16525,
    "MP_right_jaw_width": 15570.16765,
    "MP_right_cheek_width": 11415.24612,
    "MP_right_brow_angle": -6.7448,
    "MP_right_face_width": 221013.14639,
    "texture_gabor_energy_mean": 1323.0402,
    "texture_contrast_ratio_score": 60.2856,
    "texture_skin_texture_variance": 3634.3562,
    "texture_highlight_skewness": -0.4858,
    "texture_anomaly_flag": false
  },
  "shape_error": 137618.025,
  "pose": {
    "yaw": 16.26,
    "pitch": 21.07,
    "roll": -6.48
  },
  "block_change_score": null,
  "scale": 0.0005,
  "head_center": [
    65.85,
    77.11,
    -66.67
  ],
  "shape_error_raw": 172022.53125,
  "embedding_vector": [
    1.070162296295166,
    0.45290541648864746,
    0.5834205746650696,
    -2.3990719318389893,
    0.14621376991271973,
    0.18706095218658447,
    -1.905839204788208,
    -0.17618587613105774,
    0.46850672364234924,
    0.7811101078987122,
    0.10551672428846359,
    1.1343004703521729,
    -1.6706018447875977,
    -0.3837359547615051,
    -0.7199317216873169,
    -1.5505235195159912,
    1.4955395460128784,
    0.5139981508255005,
    -1.5429046154022217,
    1.1871767044067383,
    -1.2725564241409302,
    -1.3995219469070435,
    -0.25824689865112305,
    1.7105772495269775,
    -0.7365092039108276,
    -0.6612467765808105,
    0.7029352784156799,
    0.5722448825836182,
    -0.5517932772636414,
    0.0913219228386879,
    -0.06844890117645264,
    0.8017081618309021,
    -0.5827258825302124,
    0.08434171974658966,
    -0.22003592550754547,
    -0.5221231579780579,
    0.8999462723731995,
    -0.1301995813846588,
    1.694853663444519,
    -0.07047338783740997,
    -1.4896315336227417,
    2.065351724624634,
    0.588752031326294,
    0.7367929220199585,
    0.46502813696861267,
    0.9442618489265442,
    -0.022974014282226562,
    -0.5529347658157349,
    -0.5077614784240723,
    -0.9633864760398865,
    -0.03906726837158203,
    0.5209202170372009,
    0.2997511923313141,
    -0.1581556797027588,
    -0.9834056496620178,
    -0.8040151000022888,
    -0.222136452794075,
    -0.49246588349342346,
    -0.2677410840988159,
    0.9283636212348938,
    -0.058446191251277924,
    -1.5732097625732422,
    -0.5890644192695618,
    0.830946683883667,
    -0.48502692580223083,
    0.6656845808029175,
    -1.1520529985427856,
    -1.284214973449707,
    -0.10064002871513367,
    -0.797283947467804,
    1.8509511947631836,
    -1.242570400238037,
    0.1940584033727646,
    0.7331101298332214,
    -0.5903536677360535,
    0.6355728507041931,
    0.494266152381897,
    0.11379070580005646,
    -0.6665309071540833,
    -0.908261775970459,
    0.32909664511680603,
    0.6653281450271606,
    -0.5483976602554321,
    -1.413621425628662,
    -0.5758418440818787,
    0.17964908480644226,
    -0.4604513943195343,
    -0.32253170013427734,
    0.943282961845398,
    -0.5426641702651978,
    -1.4172662496566772,
    -2.61297345161438,
    -0.5804421901702881,
    1.6657452583312988,
    -1.9329863786697388,
    1.390843391418457,
    1.0612187385559082,
    0.8369289040565491,
    0.22812607884407043,
    -0.5198526382446289,
    0.7595037817955017,
    -0.30051925778388977,
    0.08189308643341064,
    -1.119044542312622,
    -1.7694921493530273,
    -0.2686719298362732,
    -0.7759739756584167,
    -2.7562406063079834,
    1.403911828994751,
    0.4911033809185028,
    -0.5589437484741211,
    -1.4181568622589111,
    -0.28874996304512024,
    1.096604824066162,
    0.1206732988357544,
    0.8138514161109924,
    -1.9327845573425293,
    -0.6775522828102112,
    -1.0469132661819458,
    0.1466679722070694,
    0.6193978786468506,
    -1.158158302307129,
    0.9401500225067139,
    -0.3477010726928711,
    0.013770414516329765,
    0.5888240933418274,
    -0.2701723873615265,
    0.8646039962768555,
    1.5509978532791138,
    1.231704831123352,
    -1.5519471168518066,
    -0.059408918023109436,
    0.7939985990524292,
    0.12317955493927002,
    -0.6916845440864563,
    -0.556034505367279,
    0.5543729662895203,
    0.48302161693573,
    0.35341382026672363,
    0.1862327754497528,
    0.532396674156189,
    0.21124213933944702,
    0.40711426734924316,
    1.1116926670074463,
    1.4126083850860596,
    1.1757174730300903,
    -1.3554651737213135,
    -2.8963463306427,
    0.6054044365882874,
    0.09707541018724442,
    -1.1869386434555054,
    -0.044481709599494934,
    0.2908758521080017,
    -1.3607438802719116,
    -0.23168401420116425,
    0.32963091135025024,
    -1.297522783279419,
    -0.9093553423881531,
    -0.7222017645835876,
    1.0261342525482178,
    1.0050331354141235,
    0.21193048357963562,
    -1.9326748847961426,
    -0.5995540022850037,
    -0.7438029646873474,
    0.7000234723091125,
    0.11055998504161835,
    -0.38078612089157104,
    -1.1352490186691284,
    -0.7044606804847717,
    -0.2930296063423157,
    -1.1157901287078857,
    0.2462500035762787,
    1.1088200807571411,
    -0.088478222489357,
    -0.5627128481864929,
    0.040348395705223083,
    -1.8645790815353394,
    -1.4119954109191895,
    -0.12170083820819855,
    0.3091674745082855,
    1.8619242906570435,
    -0.22314584255218506,
    0.7342584133148193,
    0.3470625877380371,
    -0.9479371309280396,
    -0.8052294254302979,
    0.4409773349761963,
    -0.6701089143753052,
    -0.9409936666488647,
    0.8672149777412415,
    0.15785939991474152,
    0.2775046229362488,
    0.6179097294807434,
    -0.7742579579353333,
    1.6154600381851196,
    -2.747760772705078,
    0.2730552554130554,
    -0.8721505999565125,
    -1.147507667541504,
    -0.8409746289253235,
    -0.5229759216308594,
    -1.309260606765747,
    0.8680901527404785,
    -1.8452986478805542,
    0.17552706599235535,
    0.778404712677002,
    0.36793649196624756,
    -1.0415403842926025,
    -0.8511229753494263,
    -1.4622280597686768,
    0.3442976474761963,
    0.47465845942497253,
    0.8400130271911621,
    0.0003215223550796509,
    1.7431493997573853,
    -1.3727704286575317,
    -1.4458603858947754,
    -0.23230144381523132,
    -2.067492723464966,
    1.0878145694732666,
    -0.07768025249242783,
    0.2234216183423996,
    -0.41437384486198425,
    -0.1951720267534256,
    1.0352282524108887,
    1.0266308784484863,
    0.5263106822967529,
    -0.5884070992469788,
