{
  "filename": "01_11_1999-2.jpg",
  "anomaly_status": "normal",
  "summary": {
    "status": "normal \ud83d\udfe2 \ud83d\udfe2",
    "description": "No significant anomalies detected.",
    "block_weights": {
      "eyes": 5.14168,
      "nose": 17670.43839,
      "mouth": 0.79319,
      "symmetry": null,
      "skull": 34204.50301
    },
    "pose_correction": {
      "delta_yaw": -7.69,
      "delta_pitch": 7.91,
      "delta_roll": -8.68
    },
    "suppressed_blocks": []
  },
  "pose_type": "semi_right",
  "metrics": {
    "semi_right_nose_depth": 13.400579452514648,
    "semi_right_nose_angle": 100.99560546875,
    "semi_right_skull_width": 7.3430352210998535,
    "semi_right_cheek_width": 3.6502954959869385,
    "semi_right_jaw_width": 7.3430352210998535,
    "semi_right_jaw_angle": -98.532470703125,
    "semi_right_chin_width": 6.846907615661621,
    "semi_right_eye_socket_depth": 13.400579452514648,
    "fn_right_eye_openness": 7.01367,
    "fn_right_eye_corner_angle": 0.73169,
    "fn_right_eye_bulge_score": 2.58787,
    "fn_right_eyebrow_height": 12.82011,
    "fn_right_eyebrow_slope": 25.14632,
    "fn_nose_projection_right": 3.85091,
    "fn_nostril_visibility_right": 2.89178,
    "fn_nose_angle_right": 60.59736,
    "fn_mouth_corner_angle_right": 0.58894,
    "fn_right_cheek_offset": 19.3405,
    "fn_jaw_angle_right": 107.55923,
    "fn_jaw_curve_right": 1.08154,
    "fn_chin_offset_right": 2.869,
    "fn_mouth_asymmetry_right": 2.58382,
    "fn_face_contour_visibility_right": 1.08544,
    "MP_right_forehead_width": 26246.94267,
    "MP_right_nose_width": 99281.73108,
    "MP_right_nose_depth": 33067.71239,
    "MP_right_jaw_angle": -61.99186,
    "MP_right_jaw_width": 26246.94267,
    "MP_right_cheek_width": 15811.37297,
    "MP_right_brow_angle": -16.65991,
    "MP_right_face_width": 401343.08412,
    "texture_gabor_energy_mean": 905.4703,
    "texture_contrast_ratio_score": 47.8405,
    "texture_skin_texture_variance": 2288.7133,
    "texture_highlight_skewness": -0.0378,
    "texture_anomaly_flag": false
  },
  "shape_error": 212483.8,
  "pose": {
    "yaw": 22.31,
    "pitch": 7.91,
    "roll": -8.68
  },
  "block_change_score": null,
  "scale": 0.0005,
  "head_center": [
    68.18,
    68.92,
    -66.67
  ],
  "shape_error_raw": 265604.75,
  "embedding_vector": [
    0.6639881730079651,
    0.24463064968585968,
    -0.22712063789367676,
    -2.6024649143218994,
    -0.18351933360099792,
    0.7217473983764648,
    -1.5080742835998535,
    -0.2816345691680908,
    0.8723374009132385,
    1.2051239013671875,
    0.12279682606458664,
    0.36755120754241943,
    -1.6001367568969727,
    -0.3252639174461365,
    -0.5347763895988464,
    -1.3063573837280273,
    1.143683910369873,
    -0.22559964656829834,
    -1.1960023641586304,
    1.9634917974472046,
    -0.2841019034385681,
    -0.6048624515533447,
    -0.4124104380607605,
    0.6562183499336243,
    0.753970205783844,
    -0.414356529712677,
    0.7361524105072021,
    0.9576172828674316,
    -1.0256526470184326,
    -0.18649427592754364,
    -0.4800465703010559,
    0.9320989847183228,
    -1.4384233951568604,
    0.3376905918121338,
    -0.4200018644332886,
    0.24314452707767487,
    1.1192586421966553,
    -0.6347488760948181,
    0.6419854760169983,
    -0.15873020887374878,
    -1.3977140188217163,
    2.0247700214385986,
    0.40177443623542786,
    0.6966582536697388,
    0.6563559770584106,
    0.6605696082115173,
    -0.2405604124069214,
    -0.4010513424873352,
    0.7850127816200256,
    -0.3765144944190979,
    -0.3083314597606659,
    -0.12501128017902374,
    0.7269307374954224,
    0.21273109316825867,
    -0.2710694670677185,
    -1.3239972591400146,
    0.7291992902755737,
    0.7398673295974731,
    -0.45373496413230896,
    1.3217887878417969,
    -0.19774021208286285,
    -1.2800971269607544,
    -1.1816470623016357,
    0.5829983353614807,
    -0.2697937786579132,
    0.48491358757019043,
    -0.4647791087627411,
    -0.8034421801567078,
    0.19157299399375916,
    0.15839515626430511,
    1.4421287775039673,
    -1.6966404914855957,
    -1.129048466682434,
    -0.14959385991096497,
    -0.7781766653060913,
    -0.0935606062412262,
    0.38771700859069824,
    0.4558185338973999,
    -0.3816866874694824,
    -1.459302306175232,
    -0.11001011729240417,
    -0.8709996342658997,
    -1.0381423234939575,
    -1.9296281337738037,
    -0.620509922504425,
    -0.5503772497177124,
    0.26883363723754883,
    -1.0540790557861328,
    0.9104956984519958,
    -0.5023571848869324,
    -1.0452711582183838,
    -2.2493481636047363,
    -0.9753451347351074,
    0.12716777622699738,
    -1.7233436107635498,
    0.18571142852306366,
    1.3752470016479492,
    0.9753249883651733,
    0.36280643939971924,
    -0.8011394739151001,
    0.8246592879295349,
    -0.5468606352806091,
    0.3944821059703827,
    -0.23147982358932495,
    -0.23341438174247742,
    -0.760055661201477,
    -0.1630900353193283,
    -2.589545488357544,
    0.6352559328079224,
    0.6073194742202759,
    -0.6743236184120178,
    -1.216144323348999,
    -0.4941518306732178,
    0.8820969462394714,
    0.9504456520080566,
    0.20608915388584137,
    -0.6422888040542603,
    -1.3717670440673828,
    -1.8427751064300537,
    0.5205925107002258,
    1.6840897798538208,
    -1.5059497356414795,
    0.8719693422317505,
    -0.5815730690956116,
    -0.6502770185470581,
    0.8107755780220032,
    0.46369630098342896,
    0.38041096925735474,
    0.9672895669937134,
    0.7253196835517883,
    -2.2942914962768555,
    -0.9460586309432983,
    -0.22797895967960358,
    -0.2962076961994171,
    -0.4471014142036438,
    -0.6147302985191345,
    0.5989768505096436,
    1.211205244064331,
    -0.6928351521492004,
    -0.9836069941520691,
    0.9179728031158447,
    -0.05719931796193123,
    0.00669281929731369,
    0.9344971179962158,
    1.2733330726623535,
    0.7996432781219482,
    -1.1787431240081787,
    -2.2520699501037598,
    1.5220693349838257,
    -0.48534461855888367,
    -1.355376124382019,
    0.06750764697790146,
    1.1223701238632202,
    -1.0530624389648438,
    0.211622416973114,
    -0.5270078182220459,
    -0.8291043639183044,
    -0.9667779207229614,
    -0.19154751300811768,
    0.10384628176689148,
    1.1354985237121582,
    0.12835469841957092,
    -2.088881015777588,
    0.10557936131954193,
    -0.26294130086898804,
    0.24973338842391968,
    0.10924462974071503,
    -0.7471614480018616,
    -1.4701555967330933,
    -0.4199853837490082,
    0.4021342098712921,
    -0.35469791293144226,
    0.014565914869308472,
    1.0864920616149902,
    0.5400899052619934,
    -0.34728050231933594,
    0.3197214603424072,
    -1.3436213731765747,
    -0.9496710896492004,
    0.2898560166358948,
    -0.0169803649187088,
    1.637873888015747,
    -0.23401057720184326,
    -0.291130006313324,
    -0.062081798911094666,
    0.20628727972507477,
    -0.6299297213554382,
    0.7991009950637817,
    0.4517134130001068,
    -0.8978519439697266,
    0.7610957026481628,
    0.06051386147737503,
    0.30075371265411377,
    1.3531113862991333,
    -1.1244561672210693,
    1.7445881366729736,
    -1.3343318700790405,
    1.4497642517089844,
    -0.6875541806221008,
    -0.54952073097229,
    -1.2893949747085571,
    -0.149384543299675,
    -0.8859875798225403,
    1.704769253730774,
    -1.1443750858306885,
    -0.039859477430582047,
    0.30206286907196045,
    0.09218554198741913,
    -0.6293787956237793,
    -1.136227011680603,
    -0.20388004183769226,
    -0.6458138227462769,
    0.6921910047531128,
    0.21845632791519165,
    0.17169278860092163,
    0.9406595230102539,
    -0.34257376194000244,
    -0.790497362613678,
    -1.4038914442062378,
    -1.3860466480255127,
    1.6995251178741455,
    0.0448225662112236,
    0.6799206733703613,
    -0.16219083964824677,
    -1.0119832754135132,
    0.04972139373421669,
    1.392135500907898,
    0.5884072184562683,
    -0.24214479327201843,
