{
  "filename": "01_11_1999.jpg",
  "anomaly_status": "normal",
  "summary": {
    "status": "normal \ud83d\udfe2 \ud83d\udfe2",
    "description": "No significant anomalies detected.",
    "block_weights": {
      "eyes": 1932.44512,
      "nose": 2042.74736,
      "mouth": 4498.95129,
      "symmetry": 10830.73478,
      "skull": 25869.47219
    },
    "pose_correction": {
      "delta_yaw": -10.56,
      "delta_pitch": 15.51,
      "delta_roll": -6.21
    },
    "suppressed_blocks": []
  },
  "pose_type": "frontal",
  "metrics": {
    "face_asymmetry": 4.053966522216797,
    "eye_angle": 120.98385620117188,
    "eye_distance": 18.231969833374023,
    "eye_socket_depth": 14.86569881439209,
    "eye_asymmetry": 0.9024229049682617,
    "face_width": 27.007551193237305,
    "nose_depth": 14.86569881439209,
    "cheek_width": 20.8574161529541,
    "mouth_width": 10.17209,
    "nose_width": 10.637993812561035,
    "brow_height": 38.533538818359375,
    "brow_angle": 83.05425262451172,
    "chin_height": 124.63578033447266,
    "jaw_asymmetry": 0.8593249320983887,
    "forehead_width": 27.007551193237305,
    "fn_inter_pupil_distance": 2.69093,
    "fn_left_eye_openness": 3.49571,
    "fn_right_eye_openness": 3.89095,
    "fn_eye_symmetry_score": 5.46983,
    "fn_left_eye_corner_angle": 0.14706,
    "fn_right_eye_corner_angle": 0.36193,
    "fn_eye_bulge_score": 1.37428,
    "fn_left_eyebrow_height": 6.29854,
    "fn_right_eyebrow_height": 7.11857,
    "fn_eyebrow_symmetry_score": 1.5534,
    "fn_left_eyebrow_slope": 12.45814,
    "fn_right_eyebrow_slope": 15.28814,
    "fn_nose_length": 2.13324,
    "fn_nose_width": 3.1914,
    "fn_nostril_asymmetry_score": 2.56265,
    "fn_nose_angle": 36.09083,
    "fn_nose_tip_alignment": 0.80558,
    "fn_mouth_width": 3.05163,
    "fn_mouth_height": 3.09756,
    "fn_lip_thickness_upper": 1.01096,
    "fn_lip_thickness_lower": 1.044,
    "fn_mouth_corner_angle": 26.42777,
    "fn_mouth_asymmetry_score": 2.6825,
    "fn_jaw_width": 4.36986,
    "fn_chin_height": 37.39073,
    "fn_face_symmetry_score": 4.2503,
    "fn_golden_ratio_score": 0.25909,
    "MP_eye_distance": 60724.77674,
    "MP_eye_angle": -23.34969,
    "MP_eye_asymmetry": 31357.48251,
    "MP_eye_socket_depth": 30116.84067,
    "MP_face_width": 33135.13285,
    "MP_brow_height": 104238.64827,
    "MP_brow_angle": -31.468,
    "MP_forehead_width": 33135.13285,
    "MP_nose_width": 26044.84223,
    "MP_nose_depth": 1124.06451,
    "MP_cheek_width": 59490.78416,
    "MP_mouth_width": 119924.54792,
    "MP_chin_height": 225366.18508,
    "MP_jaw_asymmetry": 77364.81523,
    "MP_face_asymmetry": 30930.80638,
    "texture_gabor_energy_mean": 939.5798,
    "texture_contrast_ratio_score": 67.2088,
    "texture_skin_texture_variance": 4517.0259,
    "texture_highlight_skewness": 0.2828,
    "texture_anomaly_flag": false
  },
  "shape_error": 152869.625,
  "pose": {
    "yaw": -10.56,
    "pitch": 15.51,
    "roll": -6.21
  },
  "block_change_score": null,
  "scale": 0.0005,
  "head_center": [
    57.89,
    76.58,
    -66.67
  ],
  "shape_error_raw": 152869.625,
  "embedding_vector": null,
  "shape_vector": [
    0.00045,
    7e-05,
    7e-05,
    57.88992,
    -5e-05,
    0.00044,
    -0.00013,
    76.5844,
    -8e-05,
    0.00012,
    0.00044,
    -66.67147,
    56582.25,
    16602.82812,
    44058.44141,
    -23618.61328,
    73215.08594,
    -91987.1875,
    10528.64453,
    13321.8623,
    -18836.99219,
    12033.36035,
    -27648.95312,
    25566.06641,
    -12960.62012,
    4969.65332,
    -4602.14844,
    7218.16309,
    -5047.68652,
    864.2597,
    -10585.13281,
    -6278.52979,
    -3865.76123,
    -13993.81738,
    -6364.50146,
    -17563.37891,
    -7447.91504,
    -2228.85986,
    -10105.38574,
    -483.03784,
    -5902.28906,
    2668.28345,
    -3433.45264,
    1035.9906,
    -2765.99463,
    2933.14282,
    -5865.63184,
    -7800.14014,
    1024.71533,
    5035.49072,
    -703.06598,
    2317.15356,
    0.18227,
    -0.41806,
    0.03885,
    -0.27989,
    0.00504,
    -0.07544,
    -0.01309,
    0.06329,
    0.0218,
    -0.03167
  ],
  "alpha_shp": [
    56582.25,
    16602.828125,
    44058.441406,
    -23618.613281,
    73215.085938,
    -91987.1875,
    10528.644531,
    13321.862305,
    -18836.992188,
    12033.360352,
    -27648.953125,
    25566.066406,
    -12960.620117,
    4969.65332,
    -4602.148438,
    7218.163086,
    -5047.686523,
    864.259705,
    -10585.132812,
    -6278.529785,
    -3865.76123,
    -13993.817383,
    -6364.501465,
    -17563.378906,
    -7447.915039,
    -2228.859863,
    -10105.385742,
    -483.037842,
    -5902.289062,
    2668.283447,
    -3433.452637,
    1035.990601,
    -2765.994629,
    2933.142822,
    -5865.631836,
    -7800.140137,
    1024.715332,
    5035.490723,
    -703.065979,
    2317.153564
  ],
  "roi_box": [
    2.32,
    156.93,
    1025.32,
    1179.93
  ],
  "block_score_raw": {
    "eyes": 6441.48372,
    "nose": 3404.57894,
    "mouth": 14996.5043,
    "symmetry": 18051.22464,
    "skull": 43115.78698
  },
  "block_score_adapted": {
    "eyes": 1932.44512,
    "nose": 2042.74736,
    "mouth": 4498.95129,
    "symmetry": 10830.73478,
    "skull": 25869.47219
  }
}