{
  "filename": "01_10_1999-4.jpg",
  "anomaly_status": "normal",
  "summary": {
    "status": "normal \ud83d\udfe2 \ud83d\udfe2",
    "description": "No significant anomalies detected.",
    "block_weights": {
      "eyes": 6379.12957,
      "nose": 5423.22257,
      "mouth": 14170.20939,
      "symmetry": 29033.31762,
      "skull": 68309.91888
    },
    "pose_correction": {
      "delta_yaw": 3.85,
      "delta_pitch": 22.2,
      "delta_roll": 0.3
    },
    "suppressed_blocks": []
  },
  "pose_type": "frontal",
  "metrics": {
    "face_asymmetry": 3.8001813888549805,
    "eye_angle": 111.94149780273438,
    "eye_distance": 16.487619400024414,
    "eye_socket_depth": 13.62888240814209,
    "eye_asymmetry": 0.7257003784179688,
    "face_width": 24.997840881347656,
    "nose_depth": 13.62888240814209,
    "cheek_width": 19.315563201904297,
    "mouth_width": 9.20732,
    "nose_width": 9.714445114135742,
    "brow_height": 35.36109924316406,
    "brow_angle": 66.99757385253906,
    "chin_height": 113.48530578613281,
    "jaw_asymmetry": 0.8243923187255859,
    "forehead_width": 24.997840881347656,
    "fn_inter_pupil_distance": 4.87073,
    "fn_left_eye_openness": 6.34504,
    "fn_right_eye_openness": 7.00332,
    "fn_eye_symmetry_score": 9.89299,
    "fn_left_eye_corner_angle": 0.34849,
    "fn_right_eye_corner_angle": 0.77753,
    "fn_eye_bulge_score": 2.48258,
    "fn_left_eyebrow_height": 11.5463,
    "fn_right_eyebrow_height": 12.96949,
    "fn_eyebrow_symmetry_score": 2.87507,
    "fn_left_eyebrow_slope": 20.09927,
    "fn_right_eyebrow_slope": 24.71124,
    "fn_nose_length": 3.9183,
    "fn_nose_width": 5.82867,
    "fn_nostril_asymmetry_score": 4.68461,
    "fn_nose_angle": 62.7137,
    "fn_nose_tip_alignment": 0.90743,
    "fn_mouth_width": 5.52439,
    "fn_mouth_height": 5.62883,
    "fn_lip_thickness_upper": 1.8296,
    "fn_lip_thickness_lower": 1.91194,
    "fn_mouth_corner_angle": 53.0196,
    "fn_mouth_asymmetry_score": 4.8713,
    "fn_jaw_width": 8.09799,
    "fn_chin_height": 68.09118,
    "fn_face_symmetry_score": 7.87124,
    "fn_golden_ratio_score": 0.52004,
    "MP_eye_distance": 113719.87586,
    "MP_eye_angle": -59.56982,
    "MP_eye_asymmetry": 71897.10961,
    "MP_eye_socket_depth": 56607.67319,
    "MP_face_width": 74680.84846,
    "MP_brow_height": 200761.85955,
    "MP_brow_angle": -74.06399,
    "MP_forehead_width": 74680.84846,
    "MP_nose_width": 47157.87633,
    "MP_nose_depth": 6977.63789,
    "MP_cheek_width": 116477.25302,
    "MP_mouth_width": 226641.35734,
    "MP_chin_height": 437428.87082,
    "MP_jaw_asymmetry": 146574.71251,
    "MP_face_asymmetry": 71157.98921,
    "texture_gabor_energy_mean": 963.4771,
    "texture_contrast_ratio_score": 69.7188,
    "texture_skin_texture_variance": 4860.7096,
    "texture_highlight_skewness": 0.2767,
    "texture_anomaly_flag": false
  },
  "shape_error": 192209.85938,
  "pose": {
    "yaw": 3.85,
    "pitch": 22.2,
    "roll": 0.3
  },
  "block_change_score": null,
  "scale": 0.0004,
  "head_center": [
    61.3,
    79.68,
    -66.67
  ],
  "shape_error_raw": 192209.85938,
  "embedding_vector": [
    0.6644541025161743,
    1.0717110633850098,
    0.2960347533226013,
    -1.9946151971817017,
    -1.1965574026107788,
    0.37828952074050903,
    -1.1795047521591187,
    -1.1287097930908203,
    1.5289084911346436,
    0.8048661947250366,
    1.0477358102798462,
    0.2886253297328949,
    -2.074147939682007,
    -0.1350410431623459,
    0.0547981858253479,
    -0.485622376203537,
    1.6729382276535034,
    0.20529988408088684,
    -0.807523787021637,
    1.6375641822814941,
    0.3328526020050049,
    -0.8000041842460632,
    -0.6896068453788757,
    0.6747140884399414,
    -0.8891823291778564,
    -1.4583544731140137,
    -0.12385661900043488,
    0.9509314298629761,
    -0.3478003442287445,
    0.5143444538116455,
    -0.6436163187026978,
    0.5239195823669434,
    -0.5451315641403198,
    0.8360083699226379,
    -0.14365847408771515,
    -0.19643934071063995,
    1.0172786712646484,
    -0.3509798049926758,
    0.8324724435806274,
    -0.3758835792541504,
    -1.7614952325820923,
    2.4227452278137207,
    0.6057717800140381,
    -0.09379784017801285,
    0.38360264897346497,
    0.3391016125679016,
    0.3742149770259857,
    0.021204501390457153,
    -0.025388792157173157,
    -0.7261493802070618,
    -0.897140383720398,
    1.123262643814087,
    0.2749159634113312,
    0.42095887660980225,
    -0.6901428699493408,
    -1.9559366703033447,
    0.2404613494873047,
    0.3596080541610718,
    -0.7885264158248901,
    1.308105230331421,
    -0.43255898356437683,
    -1.3313021659851074,
    -0.8120138645172119,
    0.43366050720214844,
    -0.41856321692466736,
    0.11487924307584763,
    -1.5716447830200195,
    -0.6826662421226501,
    -0.46653059124946594,
    -0.01168946921825409,
    1.3064520359039307,
    -1.475629210472107,
    0.5578151345252991,
    0.47802114486694336,
    -0.6457468867301941,
    -0.036748066544532776,
    0.9818041920661926,
    0.05686725303530693,
    0.4924020767211914,
    -0.5615932941436768,
    -0.9638941884040833,
    0.24473530054092407,
    -0.9547354578971863,
    -1.645538568496704,
    -0.7209433913230896,
    0.4009580612182617,
    -0.9136841297149658,
    -0.044890955090522766,
    1.1627211570739746,
    -1.2161849737167358,
    -0.9405549764633179,
    -1.7898937463760376,
    -0.21025100350379944,
    0.60251784324646,
    -0.8843396902084351,
    -0.6225776672363281,
    1.0202255249023438,
    0.05556550249457359,
    0.05015487223863602,
    -0.7733626365661621,
    0.5719372034072876,
    0.10764604806900024,
    -0.1774197220802307,
    -0.060623649507761,
    -0.7727670669555664,
    0.6061698794364929,
    -0.04020393267273903,
    -2.7671432495117188,
    1.6479135751724243,
    1.317470669746399,
    -0.24740451574325562,
    -0.7872138023376465,
    0.36445340514183044,
    0.2738855481147766,
    0.9214575290679932,
    0.7931886911392212,
    -1.1621074676513672,
    -0.9533942341804504,
    -1.717751145362854,
    0.21992827951908112,
    -0.28304213285446167,
    -1.098315954208374,
    0.920356273651123,
    -1.1220693588256836,
    0.06748807430267334,
    0.6382973194122314,
    0.4155733287334442,
    1.4396568536758423,
    0.4797906279563904,
    1.2045522928237915,
    -0.9396111965179443,
    -0.6798522472381592,
    0.8955063223838806,
    0.15569087862968445,
    0.2383607178926468,
    -0.29975444078445435,
    -0.20372503995895386,
    0.43067020177841187,
    0.6387630701065063,
    -0.05677271634340286,
    0.3516222834587097,
    0.06618855893611908,
    0.1296766847372055,
    1.1437263488769531,
    -0.3337729275226593,
    -0.07966278493404388,
    -1.31689453125,
    -2.4925007820129395,
    1.5018208026885986,
    0.4677010774612427,
    -0.3601416051387787,
    -0.8102677464485168,
    1.7022889852523804,
    -1.5724059343338013,
    0.17641323804855347,
    -0.15577538311481476,
    -0.31824132800102234,
    -0.2762370705604553,
    -0.7740478515625,
    0.7130478620529175,
    0.7059028148651123,
    -0.3005533814430237,
    -1.1123332977294922,
    -1.0558832883834839,
    -0.4040566682815552,
    0.7004309892654419,
    1.1420856714248657,
    -0.5916765928268433,
    -0.6972374320030212,
    -1.0640062093734741,
    0.2559933662414551,
    -0.8143886923789978,
    -1.6078619956970215,
    0.14224573969841003,
    -0.3917120695114136,
    -0.5525987148284912,
    -0.16793519258499146,
    -0.6583678722381592,
    -0.818808913230896,
    0.0853806883096695,
    0.061818405985832214,
    1.294111728668213,
    0.6813445091247559,
    0.035523369908332825,
    0.06261216104030609,
    -0.1990831196308136,
    -0.34586578607559204,
    0.35857492685317993,
    -0.11679434776306152,
    -0.8137381672859192,
    0.4088132381439209,
    -0.06925984472036362,
    0.056568462401628494,
    0.342273473739624,
    -0.14319172501564026,
    1.0151714086532593,
    -1.5256167650222778,
