{
  "filename": "01_11_1999-1.jpg",
  "anomaly_status": "normal",
  "summary": {
    "status": "normal \ud83d\udfe2 \ud83d\udfe2",
    "description": "No significant anomalies detected.",
    "block_weights": {
      "eyes": 1.79398,
      "nose": 7676.79138,
      "mouth": 0.24455,
      "symmetry": null,
      "skull": 13920.23825
    },
    "pose_correction": {
      "delta_yaw": 12.61,
      "delta_pitch": 16.83,
      "delta_roll": -2.81
    },
    "suppressed_blocks": [
      "mouth"
    ]
  },
  "pose_type": "semi_right",
  "metrics": {
    "semi_right_nose_depth": 14.263895988464355,
    "semi_right_nose_angle": 75.29097747802734,
    "semi_right_skull_width": 7.761472225189209,
    "semi_right_cheek_width": 3.862480640411377,
    "semi_right_jaw_width": 7.761472225189209,
    "semi_right_jaw_angle": -114.004150390625,
    "semi_right_chin_width": 7.253864288330078,
    "semi_right_eye_socket_depth": 14.263895988464355,
    "fn_right_eye_openness": 3.73472,
    "fn_right_eye_corner_angle": 0.37015,
    "fn_right_eye_bulge_score": 1.38016,
    "fn_right_eyebrow_height": 6.82955,
    "fn_right_eyebrow_slope": 9.3012,
    "fn_nose_projection_right": 2.04668,
    "fn_nostril_visibility_right": 2.08002,
    "fn_nose_angle_right": 22.58729,
    "fn_mouth_corner_angle_right": 0.27823,
    "fn_right_cheek_offset": 10.21928,
    "fn_jaw_angle_right": 53.74405,
    "fn_jaw_curve_right": 0.57258,
    "fn_chin_offset_right": 5.28474,
    "fn_mouth_asymmetry_right": 1.35206,
    "fn_face_contour_visibility_right": 0.57438,
    "MP_right_forehead_width": 18590.59906,
    "MP_right_nose_width": 52206.45662,
    "MP_right_nose_depth": 24447.26834,
    "MP_right_jaw_angle": -40.43832,
    "MP_right_jaw_width": 18590.59906,
    "MP_right_cheek_width": 11463.24105,
    "MP_right_brow_angle": -18.86089,
    "MP_right_face_width": 213492.62317,
    "texture_gabor_energy_mean": 1167.322,
    "texture_contrast_ratio_score": 63.7623,
    "texture_skin_texture_variance": 4065.634,
    "texture_highlight_skewness": -0.6416,
    "texture_anomaly_flag": false
  },
  "shape_error": 85413.1875,
  "pose": {
    "yaw": 42.61,
    "pitch": 16.83,
    "roll": -2.81
  },
  "block_change_score": null,
  "scale": 0.0005,
  "head_center": [
    74.33,
    74.7,
    -66.67
  ],
  "shape_error_raw": 106766.48438,
  "embedding_vector": [
    1.2359319925308228,
    0.5559856295585632,
    -0.14680159091949463,
    -2.9389736652374268,
    -0.030549123883247375,
    0.8092291355133057,
    -0.9226810932159424,
    -2.08789324760437,
    0.10221768915653229,
    0.4920360743999481,
    0.2049468755722046,
    0.7667786478996277,
    -1.6353591680526733,
    -0.461003839969635,
    -0.5399542450904846,
    -1.3853288888931274,
    1.6944931745529175,
    1.0493460893630981,
    -2.4770262241363525,
    0.9189659953117371,
    0.9204201102256775,
    -1.4878567457199097,
    0.07646696269512177,
    1.2951998710632324,
    -0.2901844382286072,
    -1.994260311126709,
    0.25363120436668396,
    0.8693637847900391,
    -1.0931569337844849,
    0.500975489616394,
    -0.07873861491680145,
    1.1364504098892212,
    -0.9483602046966553,
    -0.3053554892539978,
    0.6549210548400879,
    -0.6808325052261353,
    0.9695203900337219,
    -1.0376431941986084,
    0.36594563722610474,
    -1.8861116170883179,
    -0.961300253868103,
    3.2495434284210205,
    0.7425801753997803,
    0.21357640624046326,
    0.9217755794525146,
    1.6925411224365234,
    0.7066222429275513,
    -1.4948621988296509,
    0.5392376184463501,
    -0.0007643606513738632,
    -1.632550597190857,
    0.2711876630783081,
    1.3779582977294922,
    0.39490145444869995,
    -0.7404647469520569,
    -0.6669602990150452,
    -0.017711669206619263,
    0.5139834880828857,
    0.06783739477396011,
    1.8990120887756348,
    -1.178186297416687,
    -1.7050464153289795,
    -1.0045534372329712,
    0.8432313203811646,
    -0.7100046277046204,
    1.0354541540145874,
    -1.410523772239685,
    -0.7179046869277954,
    -0.2794854938983917,
    0.8965356945991516,
    0.9745857119560242,
    -2.2405123710632324,
    -0.3481571078300476,
    -0.02647361531853676,
    -1.1800310611724854,
    0.27125027775764465,
    0.1675063669681549,
    -0.8053323030471802,
    -0.4908466339111328,
    -1.169305443763733,
    -0.0031834393739700317,
    -0.874849259853363,
    -0.33525630831718445,
    -2.5270044803619385,
    -0.8111883997917175,
    0.22831934690475464,
    -0.2433452308177948,
    0.27344268560409546,
    0.21474185585975647,
    -0.06276154518127441,
    -1.7544975280761719,
    -2.845726251602173,
    -1.3895070552825928,
    2.004605531692505,
    -1.7486621141433716,
    0.8657809495925903,
    1.2114205360412598,
    1.1298182010650635,
    -0.03893489018082619,
    0.23932896554470062,
    0.5218233466148376,
    -0.005112290382385254,
    -0.1398334801197052,
    -0.3826509118080139,
    -0.8706718683242798,
    -0.13511434197425842,
    -0.032394323498010635,
    -3.1528806686401367,
    0.9716075658798218,
    1.1836023330688477,
    0.09613962471485138,
    -0.6587483286857605,
    -0.3394152522087097,
    1.1003966331481934,
    0.8017963171005249,
    -0.2036188691854477,
    -0.9637423753738403,
    -1.5534641742706299,
    -1.5290470123291016,
    0.6377788186073303,
    1.7777360677719116,
    -1.688324213027954,
    2.3851969242095947,
    -0.6160570979118347,
    -0.331760048866272,
    1.0177634954452515,
    -0.6268178820610046,
    0.7290897965431213,
    1.9918617010116577,
    0.9944015741348267,
    -2.804781913757324,
    -1.0975522994995117,
    -0.09956812113523483,
    -0.11825422197580338,
    0.4853225350379944,
    -0.23640775680541992,
    -1.1479277610778809,
    0.08524344861507416,
    -0.3267036974430084,
    0.28802382946014404,
    0.6706019043922424,
    -0.5991421937942505,
    0.15048164129257202,
    1.0296974182128906,
    1.0525463819503784,
    1.2144439220428467,
    -2.9653186798095703,
    -2.3174853324890137,
    1.3422760963439941,
    -0.03649153560400009,
    0.21618327498435974,
    -0.9559283256530762,
    0.8556727170944214,
    -1.0206266641616821,
    -0.6983222961425781,
    -0.6342430114746094,
    -1.0807583332061768,
    -0.7348066568374634,
    -1.2851024866104126,
    -0.8448420166969299,
    0.8561970591545105,
    0.3281662166118622,
    -3.1245713233947754,
    0.34220758080482483,
    -0.43839311599731445,
    1.2869340181350708,
    0.4154961109161377,
    -1.2058067321777344,
    -1.0434023141860962,
    -0.2605834901332855,
    0.11289224028587341,
    -0.42349815368652344,
    -0.6497739553451538,
    0.7603158950805664,
    -0.2836177349090576,
    -0.27179551124572754,
    0.029615342617034912,
    -2.4658493995666504,
    -0.7369143962860107,
    0.3019207715988159,
    0.43531671166419983,
    1.9224909543991089,
    -0.4885459840297699,
    -0.013091638684272766,
    0.7550208568572998,
    0.2524407207965851,
    0.166529580950737,
    0.8819164037704468,
    0.1508231908082962,
    -1.370133399963379,
    0.46221911907196045,
    0.9836984872817993,
    0.44718319177627563,
    1.2822774648666382,
    -1.0020545721054077,
    2.430971384048462,
    -1.7389519214630127,
    0.9203146696090698,
    -0.18798589706420898,
    -0.8013118505477905,
    -1.4856926202774048,
    -0.06789015233516693,
    -0.5008224248886108,
    0.13414040207862854,
    -0.671096920967102,
    0.8867145776748657,
    0.9099854230880737,
    -0.8373018503189087,
    -0.5773157477378845,
    -0.9190546870231628,
    -0.7468976974487305,
    -0.6101065278053284,
    -0.07058316469192505,
    0.6569169759750366,
    0.013876661658287048,
    0.8584663271903992,
    -1.1910889148712158,
    -2.9468016624450684,
    -0.872134268283844,
    -2.9432287216186523,
    2.2995097637176514,
    -0.4313570261001587,
    1.1100270748138428,
    0.5694608092308044,
    -0.8654388189315796,
    -0.30934664607048035,
    0.47826236486434937,
    0.47887498140335083,
