{
  "filename": "03_09_99.jpg",
  "anomaly_status": "normal",
  "summary": {
    "status": "normal \ud83d\udfe2 \ud83d\udfe2",
    "description": "No significant anomalies detected.",
    "block_weights": {
      "eyes": 1.86865,
      "nose": 4201.82872,
      "mouth": 4.12366,
      "symmetry": null,
      "skull": 12186.95405
    },
    "pose_correction": {
      "delta_yaw": 1.01,
      "delta_pitch": -16.87,
      "delta_roll": -26.81
    },
    "suppressed_blocks": []
  },
  "pose_type": "semi_left",
  "metrics": {
    "semi_left_nose_depth": 12.767327308654785,
    "semi_left_nose_angle": 131.51254272460938,
    "semi_left_skull_width": 4.296889305114746,
    "semi_left_cheek_width": 2.3860039710998535,
    "semi_left_jaw_width": 4.296889305114746,
    "semi_left_jaw_angle": 102.76893615722656,
    "semi_left_chin_width": 5.826669692993164,
    "semi_left_eye_socket_depth": 12.767327308654785,
    "fn_left_eye_openness": 2.99806,
    "fn_left_eye_corner_angle": 0.16177,
    "fn_left_eye_bulge_score": 1.12229,
    "fn_left_eyebrow_height": 5.41638,
    "fn_left_eyebrow_slope": 14.90726,
    "fn_nose_projection_left": 1.83346,
    "fn_nostril_visibility_left": 0.11981,
    "fn_nose_angle_left": 39.45376,
    "fn_mouth_corner_angle_left": 26.49509,
    "fn_left_cheek_offset": 13.70746,
    "fn_jaw_angle_left": 53.40805,
    "fn_jaw_curve_left": 0.34313,
    "fn_chin_offset_left": 4.01719,
    "fn_mouth_asymmetry_left": 0.99594,
    "fn_face_contour_visibility_left": 0.3701,
    "MP_left_forehead_width": 63267.49259,
    "MP_left_nose_width": 38306.69954,
    "MP_left_nose_depth": 3526.02057,
    "MP_left_jaw_angle": -17.56933,
    "MP_left_jaw_width": 63267.49259,
    "MP_left_cheek_width": 42640.21442,
    "MP_left_brow_angle": -27.03479,
    "MP_left_face_width": 139694.94671,
    "texture_gabor_energy_mean": 686.3733,
    "texture_contrast_ratio_score": 64.0934,
    "texture_skin_texture_variance": 4107.9675,
    "texture_highlight_skewness": 0.5234,
    "texture_anomaly_flag": false
  },
  "shape_error": 244695.5,
  "pose": {
    "yaw": -28.99,
    "pitch": -16.87,
    "roll": -26.81
  },
  "block_change_score": null,
  "scale": 0.0005,
  "head_center": [
    45.81,
    64.89,
    -66.67
  ],
  "shape_error_raw": 305869.375,
  "embedding_vector": null,
  "shape_vector": [
    0.00037,
    0.00014,
    0.00026,
    45.80724,
    -0.00019,
    0.00044,
    2e-05,
    64.89181,
    -0.00023,
    -0.00013,
    0.0004,
    -66.67101,
    148793.9375,
    4698.77344,
    -80583.41406,
    71694.10938,
    133806.0625,
    -185318.4375,
    50050.34375,
    -11812.26953,
    -12175.24219,
    5108.10645,
    -51619.82812,
    6255.64258,
    12165.45117,
    -1784.14355,
    -5853.3877,
    18784.26953,
    -13159.88672,
    8431.4668,
    3401.82617,
    10350.69141,
    -1432.73169,
    -19757.57031,
    -9818.16309,
    -15993.02148,
    -759.51343,
    -2315.55859,
    -7772.21777,
    -2077.02124,
    -9227.41992,
    3294.43359,
    -3536.1936,
    -282.75085,
    120.99072,
    -4765.52637,
    -3545.50977,
    -7614.27539,
    3605.47021,
    4561.04004,
    -4207.04248,
    4596.79199,
    0.31661,
    -0.13044,
    -0.07057,
    -0.12488,
    -0.0167,
    0.0498,
    0.02446,
    -0.12813,
    0.0168,
    -0.02269
  ],
  "alpha_shp": [
    148793.9375,
    4698.773438,
    -80583.414062,
    71694.109375,
    133806.0625,
    -185318.4375,
    50050.34375,
    -11812.269531,
    -12175.242188,
    5108.106445,
    -51619.828125,
    6255.642578,
    12165.451172,
    -1784.143555,
    -5853.387695,
    18784.269531,
    -13159.886719,
    8431.466797,
    3401.826172,
    10350.691406,
    -1432.731689,
    -19757.570312,
    -9818.163086,
    -15993.021484,
    -759.513428,
    -2315.558594,
    -7772.217773,
    -2077.02124,
    -9227.419922,
    3294.433594,
    -3536.193604,
    -282.750854,
    120.990723,
    -4765.526367,
    -3545.509766,
    -7614.275391,
    3605.470215,
    4561.040039,
    -4207.04248,
    4596.791992
  ],
  "roi_box": [
    119.57,
    71.81,
    967.57,
    919.81
  ],
  "block_score_raw": {
    "eyes": 6.22885,
    "nose": 7003.04787,
    "mouth": 13.74552,
    "symmetry": null,
    "skull": 20311.59009
  },
  "block_score_adapted": {
    "eyes": 1.86865,
    "nose": 4201.82872,
    "mouth": 4.12366,
    "symmetry": null,
    "skull": 12186.95405
  }
}