{
  "filename": "03_08_00.jpg",
  "anomaly_status": "normal",
  "summary": {
    "status": "normal \ud83d\udfe2 \ud83d\udfe2",
    "description": "No significant anomalies detected.",
    "block_weights": {
      "eyes": 14.21744,
      "nose": 24677.96285,
      "mouth": 46.01033,
      "symmetry": null,
      "skull": 76936.66646
    },
    "pose_correction": {
      "delta_yaw": -0.41,
      "delta_pitch": 8.96,
      "delta_roll": -0.08
    },
    "suppressed_blocks": []
  },
  "pose_type": "semi_left",
  "metrics": {
    "semi_left_nose_depth": 12.197833061218262,
    "semi_left_nose_angle": 117.45638275146484,
    "semi_left_skull_width": 4.0304765701293945,
    "semi_left_cheek_width": 2.2478232383728027,
    "semi_left_jaw_width": 4.0304765701293945,
    "semi_left_jaw_angle": 89.6310806274414,
    "semi_left_chin_width": 5.510242462158203,
    "semi_left_eye_socket_depth": 12.197833061218262,
    "fn_left_eye_openness": 9.478754997253418,
    "fn_left_eye_corner_angle": 0.49218043081037144,
    "fn_left_eye_bulge_score": 3.551056385040283,
    "fn_left_eyebrow_height": 17.26181,
    "fn_left_eyebrow_slope": 42.32298,
    "fn_nose_projection_left": 5.841259002685547,
    "fn_nostril_visibility_left": 0.4403076171875,
    "fn_nose_angle_left": 117.45638275146484,
    "fn_mouth_corner_angle_left": 88.11511,
    "fn_left_cheek_offset": 43.70353698730469,
    "fn_jaw_angle_left": 178.15040305265111,
    "fn_jaw_curve_left": 1.0741629600524902,
    "fn_chin_offset_left": 3.5772705078125,
    "fn_mouth_asymmetry_left": 3.90556,
    "fn_face_contour_visibility_left": 1.1612838506698608,
    "MP_left_forehead_width": 247641.7597827901,
    "MP_left_nose_width": 131767.18677278288,
    "MP_left_nose_depth": 16047.638448880709,
    "MP_left_jaw_angle": -72.79859920072549,
    "MP_left_jaw_width": 247641.7597827901,
    "MP_left_cheek_width": 162811.5229230975,
    "MP_left_brow_angle": -96.05885540414056,
    "MP_left_face_width": 521514.5684749878,
    "texture_gabor_energy_mean": 1340.5782,
    "texture_contrast_ratio_score": 56.0542,
    "texture_skin_texture_variance": 3142.0747,
    "texture_highlight_skewness": -0.349,
    "texture_anomaly_flag": false
  },
  "shape_error": 132062.0,
  "pose": {
    "yaw": -30.41,
    "pitch": 8.96,
    "roll": -0.08
  },
  "block_change_score": null,
  "scale": 0.0005,
  "head_center": [
    50.52,
    71.86,
    -66.67
  ],
  "shape_error_raw": 165077.5,
  "embedding_vector": [
    1.1041768789291382,
    -0.2047111690044403,
    -0.1064041256904602,
    -1.6934216022491455,
    -0.0022069737315177917,
    -0.3893051743507385,
    -0.5942386984825134,
    -0.9526957869529724,
    1.3519136905670166,
    0.7763497829437256,
    -0.7450120449066162,
    0.4092293679714203,
    -1.926596760749817,
    -0.9624084234237671,
    -0.42028120160102844,
    -1.098551869392395,
    1.5321459770202637,
    0.8237700462341309,
    -1.5386221408843994,
    1.2378767728805542,
    -1.0765831470489502,
    -1.9459325075149536,
    -0.21918465197086334,
    1.3032532930374146,
    -0.3890695571899414,
    -0.8850040435791016,
    -0.5760416388511658,
    0.5338805913925171,
    -0.3469671905040741,
    -0.3232463002204895,
    -0.22974728047847748,
    1.6047279834747314,
    -1.2934085130691528,
    0.4961456060409546,
    -0.03650267422199249,
    -0.2677152156829834,
    1.2190992832183838,
    -0.4817204177379608,
    1.2020436525344849,
    -0.0018641836941242218,
    -1.2958104610443115,
    2.100686550140381,
    0.7285656929016113,
    0.007399298250675201,
    0.3914188742637634,
    0.5367769002914429,
    0.7453722357749939,
    -0.09918290376663208,
    0.4854090213775635,
    -0.8638830184936523,
    -1.3573558330535889,
    0.24375885725021362,
    0.42406734824180603,
    -0.056821487843990326,
    -0.955478847026825,
    -1.489905834197998,
    0.06650549173355103,
    0.6376491189002991,
    -0.2350631058216095,
    1.0418341159820557,
    -1.1543877124786377,
    -1.7454899549484253,
    -1.039625883102417,
    0.6086180806159973,
    -0.5749331712722778,
    0.9774867296218872,
    -1.2060400247573853,
    -1.224622368812561,
    0.1825120449066162,
    -1.6509524583816528,
    -0.11757615953683853,
    -1.78555428981781,
    -0.1395498365163803,
    0.5801374912261963,
    -0.561984658241272,
    0.17619088292121887,
    0.35512933135032654,
    0.3588878810405731,
    -0.9108399748802185,
    -0.1436934769153595,
    -0.24081340432167053,
    -0.7563756704330444,
    -0.9798580408096313,
    -2.1035709381103516,
    -0.8278732299804688,
    0.583666980266571,
    -0.8079053163528442,
    -0.6209040880203247,
    -0.006554862484335899,
    -1.2630829811096191,
    -1.4223800897598267,
    -1.799421787261963,
    -0.8546332120895386,
    0.5761455297470093,
    -0.7612045407295227,
    -0.23956257104873657,
    1.7885627746582031,
    0.896807074546814,
    0.2110426127910614,
    -0.5106160640716553,
    -0.08208918571472168,
    0.7353513240814209,
    0.31552496552467346,
    0.033014267683029175,
    -0.7228461503982544,
    0.8366799354553223,
    -0.2743876874446869,
    -1.5458180904388428,
    1.1616860628128052,
    0.2950291633605957,
    -0.05849141627550125,
    -0.6407772898674011,
    0.2892472743988037,
    0.7800336480140686,
    0.8443971872329712,
    -0.5835505127906799,
    -1.4094398021697998,
    -1.1279535293579102,
    -2.2424116134643555,
    -0.18760307133197784,
    0.4063919186592102,
    -1.0998716354370117,
    0.6166773438453674,
    -1.3205876350402832,
    0.32919472455978394,
    1.1292743682861328,
    -0.01922125555574894,
    1.0521537065505981,
    1.2215033769607544,
    0.7419836521148682,
    -1.5923689603805542,
    -0.46856173872947693,
    0.009722299873828888,
    -0.13685528934001923,
    0.7262105345726013,
    -0.09184058755636215,
    -0.5812824964523315,
    0.7048587799072266,
    0.7030047178268433,
    0.8499645590782166,
    0.8236830234527588,
    -0.5361509323120117,
    0.8098617792129517,
    0.381381094455719,
    -0.23759406805038452,
    0.5941202044487,
    -1.9812877178192139,
    -2.3472442626953125,
    1.0489674806594849,
    0.2884935438632965,
    -0.63531094789505,
    -0.3342190384864807,
    1.128071665763855,
    -1.8921639919281006,
    0.2364877313375473,
    -0.6191779375076294,
    -0.38734742999076843,
    -0.42508044838905334,
    -0.04980809986591339,
    0.15223164856433868,
    1.3194867372512817,
    0.24178649485111237,
    -1.5706428289413452,
    -0.3936227858066559,
    -0.26358282566070557,
    0.3356982171535492,
    0.8740259408950806,
    -0.36111676692962646,
    -1.1927448511123657,
    -1.1970691680908203,
    1.1942100524902344,
    -0.7582083344459534,
    -0.7987236380577087,
    0.23935836553573608,
    -0.9909620881080627,
    0.09966333210468292,
    0.18307463824748993,
    -1.1238963603973389,
    -1.0652687549591064,
    -0.48200246691703796,
    -0.08994664251804352,
    2.0295543670654297,
    -0.23912853002548218,
    0.9201297760009766,
    -0.36827021837234497,
    0.2596360445022583,
    0.17040610313415527,
    0.5831018090248108,
    -0.22889728844165802,
    -1.9941645860671997,
    0.6296636462211609,
    1.3420085906982422,
    0.4390798807144165,
    0.8280298113822937,
    -1.2984619140625,
    1.3442926406860352,
    -1.6965500116348267,
    0.35922107100486755,
    -0.7394590973854065,
    -0.5110921263694763,
    -1.2707254886627197,
    -0.397506445646286,
    -0.7177149057388306,
    0.09802994132041931,
    -1.2153534889221191,
    0.5616926550865173,
    -0.07325583696365356,
    -0.47022372484207153,
    -0.936994194984436,
    -0.6882874369621277,
    -0.5861491560935974,
    0.08309222757816315,
    -0.5559741854667664,
    0.2669079899787903,
    -0.21815437078475952,
    1.161834955215454,
    -0.17023755609989166,
    -1.443732500076294,
    -0.7533836960792542,
    -1.2409781217575073,
    1.200315237045288,
    0.2429133653640747,
    1.3188018798828125,
    1.4515570402145386,
