{
  "filename": "05_07_00.jpg",
  "anomaly_status": "normal",
  "summary": {
    "status": "normal \ud83d\udfe2 \ud83d\udfe2",
    "description": "No significant anomalies detected.",
    "block_weights": {
      "eyes": 1.88115,
      "nose": 5672.63711,
      "mouth": 0.223,
      "symmetry": null,
      "skull": 13190.91719
    },
    "pose_correction": {
      "delta_yaw": -12.77,
      "delta_pitch": 13.28,
      "delta_roll": -12.38
    },
    "suppressed_blocks": [
      "mouth"
    ]
  },
  "pose_type": "semi_right",
  "metrics": {
    "semi_right_nose_depth": 13.020459175109863,
    "semi_right_nose_angle": 106.5572738647461,
    "semi_right_skull_width": 7.10894250869751,
    "semi_right_cheek_width": 3.5303754806518555,
    "semi_right_jaw_width": 7.10894250869751,
    "semi_right_jaw_angle": -95.07386779785156,
    "semi_right_chin_width": 6.626742362976074,
    "semi_right_eye_socket_depth": 13.020459175109863,
    "fn_right_eye_openness": 3.41752,
    "fn_right_eye_corner_angle": 0.34319,
    "fn_right_eye_bulge_score": 1.26175,
    "fn_right_eyebrow_height": 6.23629,
    "fn_right_eyebrow_slope": 13.34388,
    "fn_nose_projection_right": 1.86773,
    "fn_nostril_visibility_right": 1.55993,
    "fn_nose_angle_right": 31.96718,
    "fn_mouth_corner_angle_right": 0.29378,
    "fn_right_cheek_offset": 9.3775,
    "fn_jaw_angle_right": 53.77393,
    "fn_jaw_curve_right": 0.5229,
    "fn_chin_offset_right": 0.56591,
    "fn_mouth_asymmetry_right": 1.1929,
    "fn_face_contour_visibility_right": 0.52512,
    "MP_right_forehead_width": 16945.72494,
    "MP_right_nose_width": 46252.24381,
    "MP_right_nose_depth": 10320.71461,
    "MP_right_jaw_angle": -27.5886,
    "MP_right_jaw_width": 16945.72494,
    "MP_right_cheek_width": 8825.57132,
    "MP_right_brow_angle": -6.39097,
    "MP_right_face_width": 202956.43378,
    "texture_gabor_energy_mean": 951.1222,
    "texture_contrast_ratio_score": 57.6652,
    "texture_skin_texture_variance": 3325.2764,
    "texture_highlight_skewness": 0.1439,
    "texture_anomaly_flag": false
  },
  "shape_error": 178784.2375,
  "pose": {
    "yaw": 17.23,
    "pitch": 13.28,
    "roll": -12.38
  },
  "block_change_score": null,
  "scale": 0.0005,
  "head_center": [
    65.17,
    71.32,
    -66.67
  ],
  "shape_error_raw": 223480.29688,
  "embedding_vector": [
    1.1518187522888184,
    1.0095975399017334,
    -0.9679234623908997,
    -1.896541714668274,
    -0.8049870729446411,
    -0.34681186079978943,
    -1.0606030225753784,
    -0.9071571826934814,
    0.5736685395240784,
    0.6782824993133545,
    0.09315034002065659,
    0.5174407958984375,
    -2.010845184326172,
    -1.3656126260757446,
    -0.15591412782669067,
    0.15331783890724182,
    0.9069223403930664,
    -0.256815642118454,
    -1.372484564781189,
    1.443025827407837,
    -0.23287907242774963,
    -0.4552164673805237,
    -0.9328030943870544,
    0.681087076663971,
    0.4107523560523987,
    -0.988877534866333,
    0.18908414244651794,
    1.0764957666397095,
    -0.8297434449195862,
    0.6060090065002441,
    0.028442546725273132,
    0.7285691499710083,
    -0.7972769737243652,
    0.35886579751968384,
    -0.9708687663078308,
    0.6615498661994934,
    1.2916207313537598,
    -0.6508570313453674,
    0.12052680552005768,
    -0.6580517292022705,
    -1.6693772077560425,
    1.4674283266067505,
    0.9383519887924194,
    0.709665834903717,
    0.29383307695388794,
    0.16081954538822174,
    -0.1168057918548584,
    -0.9328196048736572,
    0.872898280620575,
    -0.41726988554000854,
    -0.6192252039909363,
    1.00404953956604,
    0.8011683225631714,
    1.0377275943756104,
    0.1510641872882843,
    -1.1730389595031738,
    -0.11241577565670013,
    0.38523292541503906,
    -0.5121687650680542,
    1.2947704792022705,
    -0.8110049366950989,
    -1.7227250337600708,
    -0.6734200716018677,
    1.1493242979049683,
    0.4088013172149658,
    1.9721176624298096,
    -0.8004841804504395,
    -0.40060073137283325,
    0.8484292030334473,
    -0.3286902904510498,
    1.4504942893981934,
    -1.0122802257537842,
    -0.5141117572784424,
    0.11556607484817505,
    -0.8964909911155701,
    0.9990422129631042,
    0.6296722888946533,
    0.2907262444496155,
    -0.9617087244987488,
    -1.185482382774353,
    -0.4159412384033203,
    0.3407524526119232,
    -0.40757814049720764,
    -1.9633491039276123,
    -0.7649745941162109,
    0.02857818454504013,
    -0.5587913990020752,
    -0.9020078778266907,
    1.5343201160430908,
    -0.7276095151901245,
    -0.4602925181388855,
    -2.640059471130371,
    -1.001773715019226,
    0.29840007424354553,
    -1.6172617673873901,
    0.21057690680027008,
    1.156769037246704,
    0.38781479001045227,
    -0.8404030203819275,
    -1.3921078443527222,
    0.6011474132537842,
    -0.5971239805221558,
    0.29690176248550415,
    -0.14773501455783844,
    -0.9705793857574463,
    0.440585196018219,
    0.6645054221153259,
    -2.2457082271575928,
    1.4340276718139648,
    0.6873921155929565,
    0.18315419554710388,
    -1.427899956703186,
    -0.535300612449646,
    -0.1045612096786499,
    0.28678226470947266,
    0.8982034921646118,
    -0.5617821216583252,
    -1.1018215417861938,
    -1.0063519477844238,
    -0.14934737980365753,
    1.2526087760925293,
    -1.1593061685562134,
    -0.16980671882629395,
    -2.0560317039489746,
    -1.0414127111434937,
    0.872877299785614,
    0.6036965847015381,
    0.5392857193946838,
    0.3764675557613373,
    0.8762364387512207,
    -2.7286219596862793,
    -0.16860026121139526,
    0.2679784297943115,
    -0.6121683120727539,
    0.775459349155426,
    -0.9815350770950317,
    0.8984217047691345,
    1.1406352519989014,
    -0.4601615369319916,
    -0.5441455245018005,
    0.7597446441650391,
    -0.20229187607765198,
    -0.041565269231796265,
    1.0950603485107422,
    1.0923926830291748,
    -0.24165783822536469,
    -1.5065932273864746,
    -1.641954779624939,
    1.440868616104126,
    -0.6050975322723389,
    -0.7757874727249146,
    0.5068730115890503,
    1.2392817735671997,
    -1.3733092546463013,
    -0.3261425495147705,
    -0.8093068599700928,
    -1.1814826726913452,
    -1.0699520111083984,
    -0.10009738802909851,
    0.9825689196586609,
    0.9375324845314026,
    0.14567066729068756,
    -1.2697454690933228,
    -0.8054696917533875,
    -0.1530447155237198,
    0.14581356942653656,
    0.2934107184410095,
    -0.6773564219474792,
    -0.8556012511253357,
    -0.9654502272605896,
    0.5169169902801514,
    -0.7622052431106567,
    -0.6925972700119019,
    0.9952113628387451,
    -0.41072559356689453,
    -0.6145201325416565,
    -0.29314902424812317,
    -1.247391700744629,
    -0.7565394043922424,
    -0.3741123080253601,
    0.559013843536377,
    1.4213297367095947,
    -0.20410671830177307,
    0.17946170270442963,
    -0.5244964361190796,
    -0.31689080595970154,
    -0.47898486256599426,
    0.24332845211029053,
    -0.09278348088264465,
    -0.2874954342842102,
    -0.1407042145729065,
    0.9840779304504395,
    0.4305538535118103,
    0.08784367144107819,
    -0.39486637711524963,
    1.759103775024414,
    -1.8357715606689453,
    0.3716799318790436,
    -0.5098187923431396,
    -0.8676347136497498,
    -1.4003751277923584,
    -0.18706148862838745,
    -0.1472022831439972,
    1.0796838998794556,
    -0.9284622669219971,
    -0.011748280376195908,
    0.5514971613883972,
    0.033740684390068054,
    -0.027420977130532265,
    -0.8035076260566711,
    -0.37753018736839294,
    -0.42152416706085205,
    0.2625408172607422,
    0.5995195508003235,
    0.5869437456130981,
    0.8089403510093689,
    0.3563428819179535,
    -0.8811599612236023,
    -0.607574462890625,
    -1.0490232706069946,
    2.186551332473755,
    -0.004099391400814056,
    1.247118353843689,
    0.8597836494445801,
    -0.8781429529190063,
    -0.036495476961135864,
    1.8830019235610962,
    0.044253747910261154,
    0.07448619604110718,
