{
  "filename": "06_06_00.jpg",
  "anomaly_status": "normal",
  "summary": {
    "status": "normal \ud83d\udfe2 \ud83d\udfe2",
    "description": "No significant anomalies detected.",
    "block_weights": {
      "eyes": 4.64097,
      "nose": 11712.22886,
      "mouth": 13.8734,
      "symmetry": null,
      "skull": 38046.15163
    },
    "pose_correction": {
      "delta_yaw": 5.1,
      "delta_pitch": 15.95,
      "delta_roll": 6.18
    },
    "suppressed_blocks": []
  },
  "pose_type": "semi_left",
  "metrics": {
    "semi_left_nose_depth": 12.783123016357422,
    "semi_left_nose_angle": 115.21367645263672,
    "semi_left_skull_width": 4.276374816894531,
    "semi_left_cheek_width": 2.3795900344848633,
    "semi_left_jaw_width": 4.276374816894531,
    "semi_left_jaw_angle": 83.88540649414062,
    "semi_left_chin_width": 5.819350719451904,
    "semi_left_eye_socket_depth": 12.783123016357422,
    "fn_left_eye_openness": 5.96561,
    "fn_left_eye_corner_angle": 0.33383,
    "fn_left_eye_bulge_score": 2.23291,
    "fn_left_eyebrow_height": 10.85612,
    "fn_left_eyebrow_slope": 23.52007,
    "fn_nose_projection_left": 3.6748,
    "fn_nostril_visibility_left": 0.43962,
    "fn_nose_angle_left": 69.12821,
    "fn_mouth_corner_angle_left": 53.05877,
    "fn_left_cheek_offset": 27.52101,
    "fn_jaw_angle_left": 106.83456,
    "fn_jaw_curve_left": 0.68334,
    "fn_chin_offset_left": 0.42733,
    "fn_mouth_asymmetry_left": 2.43482,
    "fn_face_contour_visibility_left": 0.73776,
    "MP_left_forehead_width": 156760.39702,
    "MP_left_nose_width": 76500.00659,
    "MP_left_nose_depth": 11140.91011,
    "MP_left_jaw_angle": -51.21363,
    "MP_left_jaw_width": 156760.39702,
    "MP_left_cheek_width": 104326.16917,
    "MP_left_brow_angle": -63.35481,
    "MP_left_face_width": 318665.04784,
    "texture_gabor_energy_mean": 910.9433,
    "texture_contrast_ratio_score": 65.1081,
    "texture_skin_texture_variance": 4239.0648,
    "texture_highlight_skewness": 0.6252,
    "texture_anomaly_flag": false
  },
  "shape_error": 193723.7125,
  "pose": {
    "yaw": -24.9,
    "pitch": 15.95,
    "roll": 6.18
  },
  "block_change_score": null,
  "scale": 0.0004,
  "head_center": [
    52.65,
    73.4,
    -66.67
  ],
  "shape_error_raw": 242154.64062,
  "embedding_vector": [
    0.550012469291687,
    -0.48076629638671875,
    0.01572386920452118,
    -0.414331316947937,
    -0.4615218937397003,
    -0.20309430360794067,
    -1.0882030725479126,
    -1.4285316467285156,
    1.0672279596328735,
    -0.10431525111198425,
    -0.1500886082649231,
    -0.17787416279315948,
    -1.0364677906036377,
    0.3733418583869934,
    -0.6153125762939453,
    -0.03101871907711029,
    1.0906944274902344,
    -0.07734805345535278,
    -1.3429993391036987,
    1.1487016677856445,
    0.2029135674238205,
    -2.971412181854248,
    -0.9529575705528259,
    0.38782191276550293,
    -0.5105799436569214,
    -1.8041751384735107,
    0.3063182532787323,
    0.7186465859413147,
    -1.143438458442688,
    -0.5543007850646973,
    -0.9728994369506836,
    1.004503607749939,
    -0.11975672841072083,
    -0.6187024712562561,
    -0.5411264300346375,
    0.07723203301429749,
    2.021257162094116,
    -0.5992056727409363,
    0.18607795238494873,
    -0.6335673928260803,
    -1.279378056526184,
    2.078726291656494,
    0.10475537180900574,
    0.014238566160202026,
    0.35629647970199585,
    0.31011953949928284,
    0.3575528860092163,
    -0.3501841425895691,
    -0.4390164613723755,
    -1.3269624710083008,
    -2.76230788230896,
    0.47734278440475464,
    0.013857215642929077,
    0.3989654779434204,
    -1.393965482711792,
    -1.6989376544952393,
    0.6016013026237488,
    0.19898757338523865,
    -0.9953627586364746,
    1.4111676216125488,
    -0.551899254322052,
    -2.3561623096466064,
    -0.7042621970176697,
    0.7145193815231323,
    -1.4434738159179688,
    0.41065093874931335,
    -1.1528741121292114,
    -1.2085802555084229,
    -0.29096198081970215,
    -0.32549500465393066,
    0.32127854228019714,
    -0.5938754081726074,
    0.6962479948997498,
    0.47605636715888977,
    -1.0849785804748535,
    1.8386285305023193,
    0.900880753993988,
    0.1720464527606964,
    -0.6368452906608582,
    -0.8900676965713501,
    -0.423536479473114,
    0.04372245445847511,
    -1.754290223121643,
    -2.4896585941314697,
    -0.7364872694015503,
    0.9635630249977112,
    -0.0516229122877121,
    -0.7897689938545227,
    1.7635855674743652,
    -2.0102288722991943,
    -1.4582160711288452,
    -1.774702548980713,
    -0.8220717906951904,
    1.7800495624542236,
    -0.7951409816741943,
    -0.012278593145310879,
    1.9388720989227295,
    0.41901469230651855,
    0.1000286340713501,
    0.6624654531478882,
    0.8412976264953613,
    1.3747977018356323,
    0.09630054235458374,
    -0.23051804304122925,
    -0.7431021928787231,
    1.1505722999572754,
    -0.7193596363067627,
    -2.389159917831421,
    0.9008240699768066,
    2.520864725112915,
    0.5903947353363037,
    -1.1089938879013062,
    0.4726591110229492,
    1.9372406005859375,
    0.07824297249317169,
    0.7131336331367493,
    -1.2941055297851562,
    -0.18218936026096344,
    -1.7726008892059326,
    -0.5908490419387817,
    -0.15872032940387726,
    -0.50421142578125,
    -0.16990065574645996,
    -1.684939980506897,
    -0.6436356902122498,
    0.5003855228424072,
    0.755225419998169,
    1.2742949724197388,
    0.8122144937515259,
    1.4727911949157715,
    0.08754824101924896,
    -0.9030914306640625,
    0.09846027195453644,
    -0.93183434009552,
    0.30832529067993164,
    -0.7201759219169617,
    -0.38787010312080383,
    -0.02452370896935463,
    0.2293846607208252,
    -0.13748875260353088,
    1.8203647136688232,
    0.527639627456665,
    0.5443205237388611,
    0.26976531744003296,
    -0.19600336253643036,
    1.6247345209121704,
    -0.8960921168327332,
    -1.3944830894470215,
    0.25728970766067505,
    0.2926695942878723,
    -1.1687954664230347,
    -1.6040928363800049,
    1.1592375040054321,
    -1.8806266784667969,
    1.0728662014007568,
    0.05964517593383789,
    -0.502687931060791,
    -0.27098163962364197,
    -1.2116446495056152,
    0.03453544154763222,
    1.874230146408081,
    0.9029536247253418,
    -0.4481257200241089,
    -0.8748318552970886,
    -1.9074392318725586,
    -0.03277070075273514,
    -0.29698503017425537,
    -2.5702028274536133,
    -1.125813364982605,
    -0.6700689196586609,
    0.2937564551830292,
    -0.33953046798706055,
    -0.38951539993286133,
    0.3092607259750366,
    -1.1392511129379272,
    0.489159494638443,
    -1.0462967157363892,
    -0.25752508640289307,
    -1.1585925817489624,
    -0.009780585765838623,
    0.6117377281188965,
    1.6166571378707886,
    0.31649982929229736,
    -0.9361900091171265,
    -0.3642820715904236,
    -0.5736846923828125,
    -0.4930591285228729,
    -0.1545824110507965,
    -1.5930445194244385,
    -1.0791112184524536,
    0.6927633881568909,
    2.2102837562561035,
    -0.022524535655975342,
    0.12134955823421478,
    0.21874675154685974,
    1.5714504718780518,
    -1.4481956958770752,
    -0.4900120198726654,
    -0.9152944087982178,
    -1.6682376861572266,
    -0.00424686074256897,
    -0.43824368715286255,
    -1.2890377044677734,
    0.8387472629547119,
    -1.1395072937011719,
    0.3629368245601654,
    1.7500532865524292,
    -0.3648054599761963,
    0.050286777317523956,
    -1.508304476737976,
    -1.397268533706665,
    -0.6240922808647156,
    -0.40025484561920166,
    0.7924358248710632,
    0.9773676991462708,
    0.807323694229126,
    0.5228620767593384,
    -2.254610538482666,
    0.29139578342437744,
    -1.1264523267745972,
    0.694595456123352,
    0.5540520548820496,
    -1.0715980529785156,
    0.5581524968147278,
    -0.709044873714447,
    0.7802504301071167,
    0.031103312969207764,
    0.7948803901672363,
    -0.1366386115550995,
    -0.13723763823509216,
