{
  "filename": "06_05_00-1.jpg",
  "anomaly_status": "normal",
  "summary": {
    "status": "normal \ud83d\udfe2 \ud83d\udfe2",
    "description": "No significant anomalies detected.",
    "block_weights": {
      "eyes": 15551.9275,
      "nose": 14067.58073,
      "mouth": 44765.02488,
      "symmetry": 49407.05116,
      "skull": 126743.37717
    },
    "pose_correction": {
      "delta_yaw": 3.1,
      "delta_pitch": 0.02,
      "delta_roll": -0.15
    },
    "suppressed_blocks": []
  },
  "pose_type": "frontal",
  "metrics": {
    "face_asymmetry": 3.7821435928344727,
    "eye_angle": 111.78965759277344,
    "eye_distance": 16.89455795288086,
    "eye_socket_depth": 13.897165298461914,
    "eye_asymmetry": 0.7953777313232422,
    "face_width": 25.377696990966797,
    "nose_depth": 13.897165298461914,
    "cheek_width": 19.609243392944336,
    "mouth_width": 9.47088,
    "nose_width": 9.937809944152832,
    "brow_height": 36.02531814575195,
    "brow_angle": 72.93923950195312,
    "chin_height": 116.24053955078125,
    "jaw_asymmetry": 0.7936792373657227,
    "forehead_width": 25.377696990966797,
    "fn_inter_pupil_distance": 8.302156448364258,
    "fn_left_eye_openness": 10.81781005859375,
    "fn_right_eye_openness": 11.98205280303955,
    "fn_eye_symmetry_score": 16.89528465270996,
    "fn_left_eye_corner_angle": 0.5059038299257125,
    "fn_right_eye_corner_angle": 1.3049131575741368,
    "fn_eye_bulge_score": 4.243289470672607,
    "fn_left_eyebrow_height": 19.62937,
    "fn_right_eyebrow_height": 22.11555,
    "fn_eyebrow_symmetry_score": 4.84234,
    "fn_left_eyebrow_slope": 36.46962,
    "fn_right_eyebrow_slope": 43.39417,
    "fn_nose_length": 6.646633625030518,
    "fn_nose_width": 9.937809944152832,
    "fn_nostril_asymmetry_score": 9.200439453125,
    "fn_nose_angle": 104.0087661743164,
    "fn_nose_tip_alignment": 1.698944091796875,
    "fn_mouth_width": 9.47088,
    "fn_mouth_height": 9.64282,
    "fn_lip_thickness_upper": 3.13813,
    "fn_lip_thickness_lower": 3.26632,
    "fn_mouth_corner_angle": 88.20801,
    "fn_mouth_asymmetry_score": 9.15259,
    "fn_jaw_width": 13.68861198425293,
    "fn_chin_height": 116.24053955078125,
    "fn_face_symmetry_score": 13.313851356506348,
    "fn_golden_ratio_score": 0.865441589832306,
    "MP_eye_distance": 179727.68757571222,
    "MP_eye_angle": -106.0982352537002,
    "MP_eye_asymmetry": 90270.01797099985,
    "MP_eye_socket_depth": 25279.438146264,
    "MP_face_width": 84572.82448815787,
    "MP_brow_height": 310081.9533485682,
    "MP_brow_angle": -125.02676416910407,
    "MP_forehead_width": 84572.82448815787,
    "MP_nose_width": 77972.04299898991,
    "MP_nose_depth": 34422.47573655416,
    "MP_cheek_width": 166415.6815663384,
    "MP_mouth_width": 357987.8494,
    "MP_chin_height": 675615.8911674458,
    "MP_jaw_asymmetry": 215392.82369159337,
    "MP_face_asymmetry": 81022.39314404456,
    "texture_gabor_energy_mean": 932.6624,
    "texture_contrast_ratio_score": 50.385,
    "texture_skin_texture_variance": 2538.6521,
    "texture_highlight_skewness": 0.4432,
    "texture_anomaly_flag": false
  },
  "shape_error": 159270.4375,
  "pose": {
    "yaw": 3.1,
    "pitch": 0.02,
    "roll": -0.15
  },
  "block_change_score": null,
  "scale": 0.0005,
  "head_center": [
    62.35,
    67.27,
    -66.67
  ],
  "shape_error_raw": 159270.4375,
  "embedding_vector": [
    0.8261623978614807,
    1.0008729696273804,
    -0.3946884870529175,
    -1.2526202201843262,
    -0.7605952024459839,
    -0.15655815601348877,
    -1.251840353012085,
    -1.8089483976364136,
    1.569259762763977,
    0.5481342077255249,
    0.23491162061691284,
    0.17854171991348267,
    -0.912754476070404,
    -0.11520792543888092,
    0.21658387780189514,
    -0.46021294593811035,
    1.0824201107025146,
    0.5661541223526001,
    -1.2177059650421143,
    1.6417677402496338,
    0.4414331316947937,
    -1.5312784910202026,
    -1.2220429182052612,
    1.4022549390792847,
    -0.6028633713722229,
    -0.8401204347610474,
    0.807087242603302,
    0.9186125993728638,
    -0.6142081618309021,
    0.41960299015045166,
    0.06734350323677063,
    0.48695915937423706,
    -0.2690127193927765,
    0.48281216621398926,
    0.4006071984767914,
    0.6933165192604065,
    1.0724544525146484,
    0.30573001503944397,
    0.5425117015838623,
    0.03741251304745674,
    -1.5143539905548096,
    3.0314457416534424,
    0.9205678701400757,
    -0.6737077236175537,
    0.2930993437767029,
    1.4796640872955322,
    -0.4633527398109436,
    0.5312320590019226,
    0.4600498676300049,
    -0.49233731627464294,
    -1.0935170650482178,
    1.0203289985656738,
    0.7876577377319336,
    -0.1670188307762146,
    -0.5159047245979309,
    -0.8401744961738586,
    0.04371673986315727,
    0.0018448620103299618,
    -0.3221171200275421,
    0.6651571989059448,
    -0.7272845506668091,
    -1.6832377910614014,
    -0.7617065906524658,
    1.297484040260315,
    -0.8246857523918152,
    0.6986092329025269,
    -0.3019174039363861,
    -1.0350598096847534,
    0.8923145532608032,
    -0.5791453123092651,
    0.752596914768219,
    -1.0670808553695679,
    -0.12325109541416168,
    0.09382699429988861,
    -0.3084832429885864,
    0.19527161121368408,
    0.7818490862846375,
    0.22629711031913757,
    -0.5148397088050842,
    -1.4265085458755493,
    -0.5150602459907532,
    -0.32317468523979187,
    -0.8701297640800476,
    -1.432493805885315,
    -0.47451090812683105,
    0.26521947979927063,
    -0.6567392349243164,
    0.05383523553609848,
    1.1455368995666504,
    -0.42708978056907654,
    -1.7063229084014893,
    -2.3937830924987793,
    -0.31477952003479004,
    1.3938055038452148,
    -0.6463743448257446,
    0.8595116138458252,
    0.7490218281745911,
    0.2657497525215149,
    0.10284537076950073,
    -0.8521032333374023,
    1.3651797771453857,
    0.3812544047832489,
    0.6887812614440918,
    0.27879422903060913,
    -0.6667865514755249,
    0.3501700758934021,
    0.6776278614997864,
    -2.303894519805908,
    0.8112664222717285,
    1.625725507736206,
    0.45804253220558167,
    -0.7839650511741638,
    -0.4969881772994995,
    0.3502464294433594,
    0.60491544008255,
    0.9768715500831604,
    -0.8192750215530396,
    -0.7922453880310059,
    -1.9782150983810425,
    0.4086785912513733,
    0.5540574789047241,
    -1.1434623003005981,
    0.6459786891937256,
    -0.9460272192955017,
    0.02358190529048443,
    0.9593501091003418,
    0.4948062598705292,
    -0.44031596183776855,
    0.3268183469772339,
    0.9825601577758789,
    -2.013277053833008,
    -1.3498390913009644,
    1.2442970275878906,
    0.08727103471755981,
    -0.10273990035057068,
    -0.561669111251831,
    -0.7884329557418823,
    0.18220868706703186,
    0.4989304840564728,
    -0.1865907609462738,
    1.2161210775375366,
    0.2704773545265198,
    1.1489337682724,
    1.3716094493865967,
    -0.3108338713645935,
    0.9257985949516296,
    -0.512688159942627,
    -2.1562082767486572,
    0.7512600421905518,
    -0.2038416862487793,
    -0.8128287196159363,
    0.8044159412384033,
    0.9166995286941528,
    -1.5256447792053223,
    -0.28220152854919434,
    -0.47530436515808105,
    -1.02290940284729,
    -0.24447613954544067,
    0.24721714854240417,
    0.5422200560569763,
    0.5307281613349915,
    0.27070003747940063,
    -0.33407720923423767,
    -0.15452975034713745,
    -0.34813934564590454,
    0.6352522373199463,
    0.17414195835590363,
    -1.1681690216064453,
    -0.8018384575843811,
    -1.6611963510513306,
    -0.1740751415491104,
    -0.17153912782669067,
    -0.946807324886322,
    0.40526002645492554,
    -0.15116854012012482,
    -0.279899001121521,
    0.7645827531814575,
    -1.0875122547149658,
    -0.9265429973602295,
    -0.22989711165428162,
    -0.2627298831939697,
    0.2789360284805298,
    1.1007626056671143,
    0.2544096112251282,
    0.027744904160499573,
    0.7209866642951965,
    -1.0733684301376343,
