{
  "filename": "07_05_00.jpeg",
  "anomaly_status": "normal",
  "summary": {
    "status": "normal \ud83d\udfe2 \ud83d\udfe2",
    "description": "No significant anomalies detected.",
    "block_weights": {
      "eyes": 4.63893,
      "nose": 11313.08201,
      "mouth": 13.73645,
      "symmetry": null,
      "skull": 34418.27315
    },
    "pose_correction": {
      "delta_yaw": -5.12,
      "delta_pitch": 3.47,
      "delta_roll": -8.54
    },
    "suppressed_blocks": []
  },
  "pose_type": "semi_left",
  "metrics": {
    "semi_left_nose_depth": 11.17806339263916,
    "semi_left_nose_angle": 123.63829040527344,
    "semi_left_skull_width": 3.7197012901306152,
    "semi_left_cheek_width": 2.0696260929107666,
    "semi_left_jaw_width": 3.7197012901306152,
    "semi_left_jaw_angle": 96.04924774169922,
    "semi_left_chin_width": 5.05917501449585,
    "semi_left_eye_socket_depth": 11.17806339263916,
    "fn_left_eye_openness": 5.17907,
    "fn_left_eye_corner_angle": 0.31493,
    "fn_left_eye_bulge_score": 1.93718,
    "fn_left_eyebrow_height": 9.47235,
    "fn_left_eyebrow_slope": 27.58556,
    "fn_nose_projection_left": 3.21462,
    "fn_nostril_visibility_left": 0.13603,
    "fn_nose_angle_left": 74.18297,
    "fn_mouth_corner_angle_left": 52.8772,
    "fn_left_cheek_offset": 24.00217,
    "fn_jaw_angle_left": 106.79878,
    "fn_jaw_curve_left": 0.59405,
    "fn_chin_offset_left": 4.35787,
    "fn_mouth_asymmetry_left": 2.06861,
    "fn_face_contour_visibility_left": 0.64134,
    "MP_left_forehead_width": 137181.81843,
    "MP_left_nose_width": 77052.77271,
    "MP_left_nose_depth": 7583.12839,
    "MP_left_jaw_angle": -36.48053,
    "MP_left_jaw_width": 137181.81843,
    "MP_left_cheek_width": 90216.70705,
    "MP_left_brow_angle": -50.21978,
    "MP_left_face_width": 292865.85638,
    "texture_gabor_energy_mean": 1072.6857,
    "texture_contrast_ratio_score": 55.7911,
    "texture_skin_texture_variance": 3112.6453,
    "texture_highlight_skewness": -0.2743,
    "texture_anomaly_flag": false
  },
  "shape_error": 207983.9625,
  "pose": {
    "yaw": -35.12,
    "pitch": 3.47,
    "roll": -8.54
  },
  "block_change_score": null,
  "scale": 0.0004,
  "head_center": [
    49.84,
    72.59,
    -66.67
  ],
  "shape_error_raw": 259979.95312,
  "embedding_vector": [
    1.0420403480529785,
    0.16767285764217377,
    0.21238726377487183,
    -0.6844662427902222,
    -0.730974555015564,
    -0.8804351687431335,
    -2.101377248764038,
    -0.9881327748298645,
    0.6953351497650146,
    0.8402098417282104,
    0.9151696562767029,
    -0.056874457746744156,
    -0.9101954102516174,
    -1.0920600891113281,
    -0.24495191872119904,
    -0.6155129671096802,
    1.8668628931045532,
    1.2226767539978027,
    -1.5142199993133545,
    1.9588769674301147,
    0.2099197953939438,
    -1.54239821434021,
    0.16442565619945526,
    0.1821397840976715,
    -1.3697178363800049,
    -1.7560491561889648,
    -0.7979243993759155,
    1.791908621788025,
    -0.3170742988586426,
    0.5743576288223267,
    -0.12703393399715424,
    0.5621559023857117,
    -1.5796476602554321,
    0.9621514678001404,
    0.5550097227096558,
    -0.05524083971977234,
    0.5983615517616272,
    -0.8796786665916443,
    0.7942677736282349,
    -0.3026086390018463,
    -1.4368431568145752,
    0.8578307628631592,
    0.3274511396884918,
    -0.7919461727142334,
    0.8164997100830078,
    1.3856117725372314,
    -0.5300866961479187,
    -0.22015666961669922,
    1.2581688165664673,
    -0.8183541297912598,
    -1.5435349941253662,
    0.8871039152145386,
    0.5165857076644897,
    -0.09311549365520477,
    -0.322937548160553,
    -1.598107099533081,
    0.6968655586242676,
    -0.5852069854736328,
    -0.012152418494224548,
    0.12345045804977417,
    -0.6825796365737915,
    -1.4403715133666992,
    0.5418643951416016,
    1.180850863456726,
    -0.0324179008603096,
    0.6254986524581909,
    -0.9143250584602356,
    -0.7272591590881348,
    0.7961713075637817,
    -0.7709722518920898,
    -0.4815727770328522,
    -1.4756211042404175,
    0.30056118965148926,
    0.7385476231575012,
    -0.9170926213264465,
    0.932062566280365,
    0.02086736261844635,
    -0.7823588848114014,
    -0.3098234236240387,
    -0.4470303952693939,
    -0.35375285148620605,
    0.42538750171661377,
    -0.7851654887199402,
    -1.5798035860061646,
    -0.03134935349225998,
    0.5174856185913086,
    0.9427053928375244,
    1.1476114988327026,
    0.8990969657897949,
    -1.42303466796875,
    -1.6723147630691528,
    -3.3042709827423096,
    -1.4468307495117188,
    1.7361059188842773,
    -0.5576243996620178,
    0.9816135764122009,
    1.8808512687683105,
    1.1966207027435303,
    0.29422834515571594,
    -0.9805339574813843,
    -0.6649608612060547,
    0.48210498690605164,
    0.095225989818573,
    -1.214670181274414,
    -1.0283774137496948,
    0.02600037306547165,
    -1.0498789548873901,
    0.33719056844711304,
    1.7577381134033203,
    2.0833895206451416,
    0.2363555133342743,
    -0.9773170351982117,
    1.4459228515625,
    1.1757938861846924,
    -0.2845194935798645,
    0.4887683391571045,
    -1.0215877294540405,
    -0.35474857687950134,
    -1.9764221906661987,
    -1.2321536540985107,
    0.4621778726577759,
    -1.3919154405593872,
    0.16991569101810455,
    -0.33439400792121887,
    -0.14708329737186432,
    1.353959321975708,
    0.06618718057870865,
    0.19855882227420807,
    0.2803332507610321,
    1.6452275514602661,
    -0.4114680886268616,
    -1.3246142864227295,
    1.3699119091033936,
    -0.9382736682891846,
    2.3233492374420166,
    -0.21126365661621094,
    -0.7922341227531433,
    -0.12165098637342453,
    0.1941828727722168,
    -1.5402436256408691,
    1.0613088607788086,
    -0.1778939962387085,
    -0.015828736126422882,
    0.7912600636482239,
    -0.4579685926437378,
    0.9538927674293518,
    -0.9047421813011169,
    -2.32240629196167,
    0.07637821137905121,
    -0.8064855337142944,
    -0.25040778517723083,
    0.2634907364845276,
    0.924270510673523,
    -0.8215155005455017,
    0.10586895048618317,
    0.509510338306427,
    -1.935532808303833,
    -0.8497991561889648,
    -0.48154011368751526,
    0.3032645583152771,
    1.0311816930770874,
    1.1525859832763672,
    0.3382258117198944,
    -0.9103834629058838,
    0.27167069911956787,
    0.990611732006073,
    -0.10784511268138885,
    -0.41292351484298706,
    -0.3181706964969635,
    -1.3940430879592896,
    0.3490499258041382,
    -0.5927945375442505,
    -1.5047645568847656,
    -0.6190294623374939,
    -0.8079276084899902,
    0.4318620264530182,
    -0.13539715111255646,
    -1.2339385747909546,
    -0.9389005303382874,
    -1.2716035842895508,
    -0.12598490715026855,
    1.9970141649246216,
    0.5533353686332703,
    -0.5092848539352417,
    0.9679827690124512,
    -0.7242158055305481,
    -0.21428543329238892,
    -0.00476691871881485,
    -0.26102209091186523,
    -0.9675648808479309,
    1.0386011600494385,
    0.9452857971191406,
    -0.21382077038288116,
    0.43436670303344727,
    -0.8758291006088257,
    1.103827953338623,
    -1.8840820789337158,
    0.894527792930603,
    -0.8304596543312073,
    -0.44896164536476135,
    -2.054083824157715,
    -0.774654746055603,
    -1.7406532764434814,
    1.0973552465438843,
    -1.9029242992401123,
    0.18642032146453857,
    1.4760174751281738,
    -0.6207300424575806,
    -0.9156462550163269,
    -0.16859795153141022,
    -0.20314553380012512,
    -0.13764528930187225,
    -0.1946670114994049,
    0.4206688404083252,
    0.5926232933998108,
    0.27896973490715027,
    -1.0808719396591187,
    -1.2755094766616821,
    -0.7915040850639343,
    -1.5898560285568237,
    2.0732736587524414,
    -0.22184395790100098,
    0.8197939991950989,
    1.1724365949630737,
    -1.0493285655975342,
    -0.3607870638370514,
    1.258009433746338,
    0.2549268901348114,
    0.9370735287666321,
    -0.30483004450798035,
