{
  "filename": "09_05_00-2.jpeg",
  "anomaly_status": "normal",
  "summary": {
    "status": "normal \ud83d\udfe2 \ud83d\udfe2",
    "description": "No significant anomalies detected.",
    "block_weights": {
      "eyes": 4926.11237,
      "nose": 6027.34307,
      "mouth": 15203.71502,
      "symmetry": 26123.38018,
      "skull": 67530.50274
    },
    "pose_correction": {
      "delta_yaw": -13.12,
      "delta_pitch": 2.31,
      "delta_roll": -2.52
    },
    "suppressed_blocks": []
  },
  "pose_type": "frontal",
  "metrics": {
    "face_asymmetry": 4.20762825012207,
    "eye_angle": 114.4782485961914,
    "eye_distance": 19.151105880737305,
    "eye_socket_depth": 15.57095718383789,
    "eye_asymmetry": 0.9852581024169922,
    "face_width": 28.31857681274414,
    "nose_depth": 15.57095718383789,
    "cheek_width": 21.853252410888672,
    "mouth_width": 10.65015,
    "nose_width": 11.16568660736084,
    "brow_height": 40.42402267456055,
    "brow_angle": 79.94459533691406,
    "chin_height": 130.88400268554688,
    "jaw_asymmetry": 0.8611698150634766,
    "forehead_width": 28.31857681274414,
    "fn_inter_pupil_distance": 5.64308,
    "fn_left_eye_openness": 7.33249,
    "fn_right_eye_openness": 8.17246,
    "fn_eye_symmetry_score": 11.49123,
    "fn_left_eye_corner_angle": 0.29411,
    "fn_right_eye_corner_angle": 0.746,
    "fn_eye_bulge_score": 2.88531,
    "fn_left_eyebrow_height": 13.21884,
    "fn_right_eyebrow_height": 14.94503,
    "fn_eyebrow_symmetry_score": 3.25147,
    "fn_left_eyebrow_slope": 23.98338,
    "fn_right_eyebrow_slope": 29.06068,
    "fn_nose_length": 4.46774,
    "fn_nose_width": 6.69941,
    "fn_nostril_asymmetry_score": 6.0412,
    "fn_nose_angle": 67.7297,
    "fn_nose_tip_alignment": 1.40797,
    "fn_mouth_width": 6.39009,
    "fn_mouth_height": 6.47462,
    "fn_lip_thickness_upper": 2.11559,
    "fn_lip_thickness_lower": 2.17702,
    "fn_mouth_corner_angle": 52.80007,
    "fn_mouth_asymmetry_score": 6.08722,
    "fn_jaw_width": 9.14753,
    "fn_chin_height": 78.5304,
    "fn_face_symmetry_score": 8.90497,
    "fn_golden_ratio_score": 0.51857,
    "MP_eye_distance": 122960.47923,
    "MP_eye_angle": -53.22943,
    "MP_eye_asymmetry": 49280.2082,
    "MP_eye_socket_depth": 14739.2455,
    "MP_face_width": 53404.18006,
    "MP_brow_height": 209068.09092,
    "MP_brow_angle": -67.94698,
    "MP_forehead_width": 53404.18006,
    "MP_nose_width": 53675.19975,
    "MP_nose_depth": 6491.18954,
    "MP_cheek_width": 112092.07393,
    "MP_mouth_width": 243172.74566,
    "MP_chin_height": 452827.70995,
    "MP_jaw_asymmetry": 144815.99365,
    "MP_face_asymmetry": 51089.34273,
    "texture_gabor_energy_mean": 859.4279,
    "texture_contrast_ratio_score": 60.6102,
    "texture_skin_texture_variance": 3673.5918,
    "texture_highlight_skewness": 1.049,
    "texture_anomaly_flag": false
  },
  "shape_error": 245246.09375,
  "pose": {
    "yaw": -13.12,
    "pitch": 2.31,
    "roll": -2.52
  },
  "block_change_score": null,
  "scale": 0.0005,
  "head_center": [
    56.19,
    71.46,
    -66.67
  ],
  "shape_error_raw": 245246.09375,
  "embedding_vector": null,
  "shape_vector": [
    0.00046,
    3e-05,
    0.00011,
    56.18824,
    -2e-05,
    0.00047,
    -2e-05,
    71.46189,
    -0.0001,
    2e-05,
    0.00046,
    -66.67112,
    -45274.90625,
    46747.0,
    79856.9375,
    19585.57812,
    134889.96875,
    -159288.53125,
    14567.61914,
    15829.8252,
    -23881.22656,
    25449.875,
    -46364.34375,
    11257.85742,
    -3392.08984,
    2512.91797,
    -13580.4043,
    12372.31152,
    -9668.0625,
    3586.27295,
    -9403.0957,
    6222.97412,
    -6056.85547,
    -14140.17285,
    -9018.93555,
    -19528.18945,
    -4585.9873,
    -823.4541,
    -8999.99512,
    -2161.39233,
    -7458.36133,
    3883.22998,
    -3502.38428,
    -1580.02209,
    -1549.27515,
    -1603.26245,
    -5295.50977,
    -7873.66064,
    2026.64697,
    4926.09961,
    -2679.52783,
    3595.88525,
    -0.03639,
    -0.73005,
    0.09186,
    -0.25107,
    -0.00808,
    -0.03688,
    -0.07768,
    -0.03016,
    0.02411,
    0.01371
  ],
  "alpha_shp": [
    -45274.90625,
    46747.0,
    79856.9375,
    19585.578125,
    134889.96875,
    -159288.53125,
    14567.619141,
    15829.825195,
    -23881.226562,
    25449.875,
    -46364.34375,
    11257.857422,
    -3392.089844,
    2512.917969,
    -13580.404297,
    12372.311523,
    -9668.0625,
    3586.272949,
    -9403.095703,
    6222.974121,
    -6056.855469,
    -14140.172852,
    -9018.935547,
    -19528.189453,
    -4585.987305,
    -823.454102,
    -8999.995117,
    -2161.392334,
    -7458.361328,
    3883.22998,
    -3502.384277,
    -1580.022095,
    -1549.275146,
    -1603.262451,
    -5295.509766,
    -7873.660645,
    2026.646973,
    4926.099609,
    -2679.527832,
    3595.885254
  ],
  "roi_box": [
    -57.33,
    80.77,
    973.67,
    1111.77
  ],
  "block_score_raw": {
    "eyes": 9852.22474,
    "nose": 7534.17884,
    "mouth": 30407.43005,
    "symmetry": 32654.22522,
    "skull": 84413.12842
  },
  "block_score_adapted": {
    "eyes": 4926.11237,
    "nose": 6027.34307,
    "mouth": 15203.71502,
    "symmetry": 26123.38018,
    "skull": 67530.50274
  }
}