{
  "filename": "09_11_00.jpeg",
  "anomaly_status": "normal",
  "summary": {
    "status": "normal \ud83d\udfe2 \ud83d\udfe2",
    "description": "No significant anomalies detected.",
    "block_weights": {
      "eyes": 2070.91786,
      "nose": 2012.5079,
      "mouth": 4203.25072,
      "symmetry": 10861.6416,
      "skull": 25652.32565
    },
    "pose_correction": {
      "delta_yaw": 13.93,
      "delta_pitch": 28.7,
      "delta_roll": -1.49
    },
    "suppressed_blocks": []
  },
  "pose_type": "frontal",
  "metrics": {
    "face_asymmetry": 3.8783130645751953,
    "eye_angle": 105.93714904785156,
    "eye_distance": 17.475967407226562,
    "eye_socket_depth": 14.055270195007324,
    "eye_asymmetry": 0.9531269073486328,
    "face_width": 25.837247848510742,
    "nose_depth": 14.055270195007324,
    "cheek_width": 19.9698429107666,
    "mouth_width": 9.76485,
    "nose_width": 10.057467460632324,
    "brow_height": 36.788734436035156,
    "brow_angle": 62.21395492553711,
    "chin_height": 119.64716339111328,
    "jaw_asymmetry": 0.8344731330871582,
    "forehead_width": 25.837247848510742,
    "fn_inter_pupil_distance": 2.58587,
    "fn_left_eye_openness": 3.33299,
    "fn_right_eye_openness": 3.76632,
    "fn_eye_symmetry_score": 5.24294,
    "fn_left_eye_corner_angle": 0.14194,
    "fn_right_eye_corner_angle": 0.34437,
    "fn_eye_bulge_score": 1.31811,
    "fn_left_eyebrow_height": 5.99936,
    "fn_right_eyebrow_height": 6.76039,
    "fn_eyebrow_symmetry_score": 1.49471,
    "fn_left_eyebrow_slope": 9.33209,
    "fn_right_eyebrow_slope": 10.77865,
    "fn_nose_length": 2.01671,
    "fn_nose_width": 3.01724,
    "fn_nostril_asymmetry_score": 2.28825,
    "fn_nose_angle": 28.07455,
    "fn_nose_tip_alignment": 0.28467,
    "fn_mouth_width": 2.92945,
    "fn_mouth_height": 2.96674,
    "fn_lip_thickness_upper": 0.9695,
    "fn_lip_thickness_lower": 0.99031,
    "fn_mouth_corner_angle": 26.32152,
    "fn_mouth_asymmetry_score": 2.45079,
    "fn_jaw_width": 4.18413,
    "fn_chin_height": 35.89415,
    "fn_face_symmetry_score": 4.06796,
    "fn_golden_ratio_score": 0.26062,
    "MP_eye_distance": 58987.54287,
    "MP_eye_angle": -32.85998,
    "MP_eye_asymmetry": 28559.96154,
    "MP_eye_socket_depth": 43456.55346,
    "MP_face_width": 37613.5708,
    "MP_brow_height": 89524.34263,
    "MP_brow_angle": -38.61308,
    "MP_forehead_width": 37613.5708,
    "MP_nose_width": 21934.76734,
    "MP_nose_depth": 4841.16544,
    "MP_cheek_width": 58412.251,
    "MP_mouth_width": 112040.29286,
    "MP_chin_height": 218724.12305,
    "MP_jaw_asymmetry": 73975.05202,
    "MP_face_asymmetry": 34630.295,
    "texture_gabor_energy_mean": 939.8329,
    "texture_contrast_ratio_score": 65.1154,
    "texture_skin_texture_variance": 4240.0196,
    "texture_highlight_skewness": -0.0555,
    "texture_anomaly_flag": false
  },
  "shape_error": 284151.6875,
  "pose": {
    "yaw": 13.93,
    "pitch": 28.7,
    "roll": -1.49
  },
  "block_change_score": null,
  "scale": 0.0005,
  "head_center": [
    65.05,
    84.58,
    -66.67
  ],
  "shape_error_raw": 284151.6875,
  "embedding_vector": [
    -0.18969054520130157,
    0.5410813689231873,
    0.2822900712490082,
    -1.8499820232391357,
    -0.7758886814117432,
    0.4060516357421875,
    -1.6355419158935547,
    -0.2949984669685364,
    1.3429316282272339,
    1.1527554988861084,
    -0.1511497050523758,
    0.9244340658187866,
    -1.8113635778427124,
    -0.5048300623893738,
    0.6419996023178101,
    -0.44671201705932617,
    1.1659148931503296,
    1.1770507097244263,
    -0.31023168563842773,
    1.0397236347198486,
    -0.9245539307594299,
    -1.7903841733932495,
    -1.296403408050537,
    0.46261322498321533,
    -0.5872229337692261,
    -1.4729825258255005,
    -0.9698627591133118,
    -0.07518669962882996,
    -0.7517802715301514,
    -0.019889652729034424,
    -0.15886379778385162,
    0.43527525663375854,
    -0.9144518375396729,
    -0.4963163733482361,
    -0.6283665299415588,
    -0.4042859673500061,
    1.1178181171417236,
    0.033580977469682693,
    2.0536890029907227,
    -0.02201426774263382,
    -1.124863862991333,
    1.637789249420166,
    0.8802868127822876,
    -0.2287527322769165,
    0.38375842571258545,
    0.1648373007774353,
    -0.38483625650405884,
    -1.3635870218276978,
    0.6830403804779053,
    -0.6989685893058777,
    -1.2373130321502686,
    1.0893282890319824,
    0.3258619010448456,
    0.7100250720977783,
    0.07368306815624237,
    -1.6016433238983154,
    -0.570669412612915,
    -0.44405773282051086,
    -0.20676985383033752,
    2.3213798999786377,
    0.3915562629699707,
    -1.6224688291549683,
    -0.4942164421081543,
    0.9981091618537903,
    -0.9304909110069275,
    0.5139973163604736,
    -1.7831013202667236,
    -0.05225696414709091,
    0.4711402356624603,
    -0.8781303763389587,
    1.684510350227356,
    -0.9222129583358765,
    0.557279646396637,
    0.16130593419075012,
    -1.0632280111312866,
    1.8172338008880615,
    0.6204828023910522,
    0.3130930960178375,
    -0.23591312766075134,
    -1.0450067520141602,
    -0.3239210247993469,
    0.36033615469932556,
    0.18512094020843506,
    -1.3069623708724976,
    -1.0206658840179443,
    0.679922342300415,
    -1.3352665901184082,
    -1.6187242269515991,
    1.371219515800476,
    -0.9847386479377747,
    -0.43273016810417175,
    -2.315666913986206,
    -1.3759592771530151,
    0.15814121067523956,
    -0.7947889566421509,
    0.17066439986228943,
    0.5694934725761414,
    0.4808208644390106,
    -0.002211090177297592,
    -1.1818267107009888,
    0.9151601195335388,
    0.4760979115962982,
    0.818307101726532,
    -0.2629663646221161,
    -0.6417511701583862,
    -0.2284606546163559,
    -0.0004081651568412781,
    -2.257434129714966,
    1.4157071113586426,
    -0.1027892455458641,
    -0.3541775345802307,
    -1.4549560546875,
    -0.25638869404792786,
    0.80552077293396,
    0.865807056427002,
    1.0669496059417725,
    -1.3115923404693604,
    -0.15565793216228485,
    -0.5740935206413269,
    0.46578657627105713,
    1.0763018131256104,
    -1.8639707565307617,
    -0.16548001766204834,
    -1.2690942287445068,
    -0.8707411289215088,
    0.22766828536987305,
    0.12138218432664871,
    0.6367376446723938,
    0.7099316120147705,
    1.7700920104980469,
    -2.29079532623291,
    -0.17871835827827454,
    0.10010069608688354,
    -0.07111802697181702,
    0.3369978070259094,
    -1.0015568733215332,
    0.4297812581062317,
    0.929539680480957,
    -0.15848925709724426,
    0.32392287254333496,
    0.6392369270324707,
    -0.7395426034927368,
    0.3213593065738678,
    0.6758324503898621,
    0.25301676988601685,
    0.2643824815750122,
    -0.9633742570877075,
    -2.626276969909668,
    0.9963681101799011,
    0.3184942901134491,
    -0.3202831745147705,
    -0.3477717638015747,
    2.5792689323425293,
    -1.263593316078186,
    -0.43102145195007324,
    0.12485131621360779,
    -0.48396962881088257,
    -1.0533100366592407,
    -1.326672911643982,
    1.3556793928146362,
    1.2244060039520264,
    0.6550076603889465,
    -1.643175482749939,
    -0.34752729535102844,
    -0.7100125551223755,
    0.6384862661361694,
    0.3833550214767456,
    0.1976272314786911,
    -0.4820425808429718,
    -2.0841217041015625,
    0.9652012586593628,
    -1.3097777366638184,
    -0.5920863747596741,
    0.5873692035675049,
    -0.18434922397136688,
    -0.3751538395881653,
    -0.6931759715080261,
    -1.6971659660339355,
    -0.6973264217376709,
    -0.0948345959186554,
    1.035684585571289,
    2.0410544872283936,
    -0.17159509658813477,
    0.6332017183303833,
    -0.7744973301887512,
    -0.2423119843006134,
    -0.08151239901781082,
    0.8301581144332886,
    -0.030549898743629456,
    -0.5640466213226318,
    1.0055359601974487,
    0.6300181150436401,
    0.11631767451763153,
    0.563702404499054,
    -0.919014573097229,
    1.5007754564285278,
    -1.721604824066162,
