{
  "filename": "10_04_01-05.jpeg",
  "anomaly_status": "normal",
  "summary": {
    "status": "normal \ud83d\udfe2 \ud83d\udfe2",
    "description": "No significant anomalies detected.",
    "block_weights": {
      "eyes": 5843.01786,
      "nose": 5979.96974,
      "mouth": 13335.32753,
      "symmetry": 27542.57362,
      "skull": 65373.7606
    },
    "pose_correction": {
      "delta_yaw": 10.79,
      "delta_pitch": 16.28,
      "delta_roll": -0.19
    },
    "suppressed_blocks": []
  },
  "pose_type": "frontal",
  "metrics": {
    "face_asymmetry": 3.810749053955078,
    "eye_angle": 108.89443969726562,
    "eye_distance": 16.61101531982422,
    "eye_socket_depth": 13.553091049194336,
    "eye_asymmetry": 0.7918448448181152,
    "face_width": 25.06791114807129,
    "nose_depth": 13.553091049194336,
    "cheek_width": 19.368362426757812,
    "mouth_width": 9.31336,
    "nose_width": 9.709131240844727,
    "brow_height": 35.44413375854492,
    "brow_angle": 67.3655014038086,
    "chin_height": 114.53143310546875,
    "jaw_asymmetry": 0.8236126899719238,
    "forehead_width": 25.06791114807129,
    "fn_inter_pupil_distance": 4.90543,
    "fn_left_eye_openness": 6.38587,
    "fn_right_eye_openness": 7.08223,
    "fn_eye_symmetry_score": 9.96704,
    "fn_left_eye_corner_angle": 0.33864,
    "fn_right_eye_corner_angle": 0.75789,
    "fn_eye_bulge_score": 2.50512,
    "fn_left_eyebrow_height": 11.56206,
    "fn_right_eyebrow_height": 12.98613,
    "fn_eyebrow_symmetry_score": 2.88866,
    "fn_left_eyebrow_slope": 20.20965,
    "fn_right_eyebrow_slope": 23.62943,
    "fn_nose_length": 3.89656,
    "fn_nose_width": 5.82548,
    "fn_nostril_asymmetry_score": 4.9778,
    "fn_nose_angle": 58.67789,
    "fn_nose_tip_alignment": 0.75751,
    "fn_mouth_width": 5.58802,
    "fn_mouth_height": 5.69912,
    "fn_lip_thickness_upper": 1.84697,
    "fn_lip_thickness_lower": 1.93318,
    "fn_mouth_corner_angle": 52.88884,
    "fn_mouth_asymmetry_score": 5.13966,
    "fn_jaw_width": 8.11523,
    "fn_chin_height": 68.71886,
    "fn_face_symmetry_score": 7.88997,
    "fn_golden_ratio_score": 0.52174,
    "MP_eye_distance": 114306.98812,
    "MP_eye_angle": -66.59413,
    "MP_eye_asymmetry": 65635.26869,
    "MP_eye_socket_depth": 41920.85272,
    "MP_face_width": 60198.71842,
    "MP_brow_height": 185762.00392,
    "MP_brow_angle": -78.18252,
    "MP_forehead_width": 60198.71842,
    "MP_nose_width": 43182.46842,
    "MP_nose_depth": 16524.80934,
    "MP_cheek_width": 112414.82187,
    "MP_mouth_width": 213282.83134,
    "MP_chin_height": 429888.05267,
    "MP_jaw_asymmetry": 150979.49488,
    "MP_face_asymmetry": 55572.30517,
    "texture_gabor_energy_mean": 1056.8756,
    "texture_contrast_ratio_score": 44.4368,
    "texture_skin_texture_variance": 1974.6325,
    "texture_highlight_skewness": -0.1799,
    "texture_anomaly_flag": false
  },
  "shape_error": 321801.84375,
  "pose": {
    "yaw": 10.79,
    "pitch": 16.28,
    "roll": -0.19
  },
  "block_change_score": null,
  "scale": 0.0005,
  "head_center": [
    63.7,
    75.16,
    -66.67
  ],
  "shape_error_raw": 321801.84375,
  "embedding_vector": [
    1.1984821557998657,
    0.31002384424209595,
    0.395793080329895,
    -2.5740609169006348,
    -0.20714418590068817,
    0.4427066743373871,
    -1.4629745483398438,
    -0.3811129331588745,
    0.7055574655532837,
    0.4609469771385193,
    1.280412197113037,
    0.549322783946991,
    -1.4183874130249023,
    -1.0633633136749268,
    -0.8046014308929443,
    -0.5681881904602051,
    0.21360062062740326,
    0.6066036224365234,
    -0.9656133055686951,
    0.926011323928833,
    -1.291948676109314,
    -1.3159635066986084,
    -0.4380377531051636,
    2.288569211959839,
    -1.3033167123794556,
    -0.17907986044883728,
    -0.525876522064209,
    0.9879197478294373,
    -0.18786665797233582,
    1.2096753120422363,
    -0.5188537240028381,
    0.7512968182563782,
    -1.5060256719589233,
    0.5768865942955017,
    0.06309612095355988,
    -0.39830565452575684,
    1.2115228176116943,
    -0.46001532673835754,
    0.6655508279800415,
    -0.5181618332862854,
    -1.9921327829360962,
    1.6225826740264893,
    0.6286334991455078,
    0.4245348870754242,
    -0.5171266794204712,
    0.08949008584022522,
    0.2172517478466034,
    -0.6777419447898865,
    -0.8150583505630493,
    -1.6044986248016357,
    -0.5890043377876282,
    0.9480756521224976,
    0.34701886773109436,
    -0.22273775935173035,
    -1.3988887071609497,
    -1.8483192920684814,
    0.7528603672981262,
    1.2980997562408447,
    -0.9965242147445679,
    1.8564503192901611,
    0.10073260962963104,
    -1.67928147315979,
    -0.3812812566757202,
    2.4558181762695312,
    -0.2623967230319977,
    0.5355443358421326,
    -0.034221351146698,
    0.38353919982910156,
    -0.01746620237827301,
    -1.0769646167755127,
    1.2742750644683838,
    -0.8992956876754761,
    -1.8237898349761963,
    0.1688682734966278,
    -1.6464412212371826,
    1.5416789054870605,
    1.4046045541763306,
    0.46673381328582764,
    -1.3108625411987305,
    -1.710801124572754,
    0.5869787931442261,
    0.419246643781662,
    -0.9414358735084534,
    -1.5629091262817383,
    -1.3459314107894897,
    0.3024548292160034,
    -0.27633315324783325,
    -1.4051387310028076,
    1.9668370485305786,
    -0.03389023244380951,
    -2.425438165664673,
    -2.8867642879486084,
    -0.35576292872428894,
    1.053032636642456,
    -1.6183494329452515,
    2.2472219467163086,
    1.0326344966888428,
    1.4562550783157349,
    0.363348126411438,
    -1.8020468950271606,
    1.413714051246643,
    -0.3307036757469177,
    0.2641311287879944,
    -1.1500918865203857,
    -1.89451265335083,
    -0.10237707942724228,
    -0.23592859506607056,
    -2.18320631980896,
    0.9498183727264404,
    -0.0281171053647995,
    -0.4257194399833679,
    -0.7600753903388977,
    1.2219237089157104,
    -0.23440206050872803,
    -0.10805511474609375,
    0.916884183883667,
    -1.5186443328857422,
    -1.3418089151382446,
    -1.057021141052246,
    0.1745477169752121,
    1.3236641883850098,
    -1.1839784383773804,
    0.7282092571258545,
    -0.896671712398529,
    -0.9262968301773071,
    1.2986645698547363,
    -0.42951759696006775,
    0.8654378652572632,
    0.9060684442520142,
    1.3979688882827759,
    -2.3760814666748047,
    -0.3903198540210724,
    0.052058324217796326,
    -0.6607388257980347,
    -0.11276048421859741,
    -1.1904481649398804,
    0.8932462930679321,
    -0.017726343125104904,
    -1.1764248609542847,
    0.12076231092214584,
    -0.2213359773159027,
    -0.9302552938461304,
    0.7340380549430847,
    1.040773630142212,
    0.11551861464977264,
    1.286454200744629,
    -1.6739745140075684,
    -2.467919111251831,
    1.8171906471252441,
    -0.6676898002624512,
    -1.6301839351654053,
    0.2945527136325836,
    -0.015405118465423584,
    -1.2626726627349854,
    -0.08617277443408966,
    -0.4059950113296509,
    -1.1484986543655396,
    -0.24685272574424744,
    -0.4534543454647064,
    0.17628413438796997,
    1.8808521032333374,
    1.2126117944717407,
    -1.4580440521240234,
    0.025982566177845,
    -1.5313090085983276,
    0.8519048690795898,
    0.3534662127494812,
    -1.366063117980957,
    -0.741544246673584,
    -0.5275616645812988,
    0.271767795085907,
    -0.904319167137146,
    0.07940337061882019,
    0.9395032525062561,
    0.5206429362297058,
    -0.45927366614341736,
    0.831681489944458,
    -0.5160506367683411,
    -0.5593222975730896,
    0.43859708309173584,
    -0.7247461080551147,
    1.7455787658691406,
    -0.5819864869117737,
    -0.18065308034420013,
    -1.3161537647247314,
    1.0498175621032715,
    -0.6475171446800232,
    0.6336707472801208,
    -0.36306923627853394,
    -1.7127265930175781,
    0.4444234371185303,
    1.4397484064102173,
    0.30414652824401855,
    0.28246545791625977,
    -0.5648618340492249,
    2.461017370223999,
    -2.4167861938476562,
